timestamp,buy_vol,sell_vol
2026-09-15T14:00:00+00:00,11061.3760,13581.8180
2026-09-15T15:00:00+00:00,7504.4280,6197.6140
2026-09-15T16:00:00+00:00,1904.7100,2530.6750
2026-09-15T17:00:00+00:00,7502.7160,6702.4930
2026-09-15T18:00:00+00:00,22264.3020,25246.8630
2026-09-15T19:00:00+00:00,5717.5820,6166.4110
2026-09-15T20:00:00+00:00,2437.8020,2614.2690
2026-09-15T21:00:00+00:00,2229.6220,2500.5390
2026-09-15T22:00:00+00:00,3912.3960,4051.6560
2026-09-15T23:00:00+00:00,1945.2840,2161.2960
2026-09-16T00:00:00+00:00,1756.0440,1369.4500
2026-09-16T01:00:00+00:00,1984.2310,2321.3030
2026-09-16T02:00:00+00:00,2522.6650,2040.0720
2026-09-16T03:00:00+00:00,1599.3370,1605.6370
2026-09-16T04:00:00+00:00,1340.9990,1192.6320
2026-09-16T05:00:00+00:00,1240.1460,1447.6910
2026-09-16T06:00:00+00:00,1143.4640,1217.1730
2026-09-16T07:00:00+00:00,1721.8790,2277.5250
2026-09-16T08:00:00+00:00,2914.2070,3853.3650
2026-09-16T09:00:00+00:00,2152.9890,2042.6380
2026-09-16T10:00:00+00:00,1525.1060,1256.7450
2026-09-16T11:00:00+00:00,3100.6240,2273.1010
2026-09-16T12:00:00+00:00,2185.2120,2892.1760
2026-09-16T13:00:00+00:00,3461.5820,4172.4550
2026-09-16T14:00:00+00:00,3154.5460,3360.4260
2026-09-16T15:00:00+00:00,2529.7110,2380.3690
2026-09-16T16:00:00+00:00,1298.5710,1642.9090
2026-09-16T17:00:00+00:00,3881.8940,4194.2960
2026-09-16T18:00:00+00:00,22082.4080,22721.6890
2026-09-16T19:00:00+00:00,7925.2270,7755.8830
2026-09-16T20:00:00+00:00,2609.6310,2711.9080
2026-09-16T21:00:00+00:00,718.7740,1250.6950
2026-09-16T22:00:00+00:00,1613.8330,1794.2160
2026-09-16T23:00:00+00:00,2366.3300,1672.8150
2026-09-17T00:00:00+00:00,2399.4990,2289.2450
2026-09-17T01:00:00+00:00,3962.8350,3812.5470
2026-09-17T02:00:00+00:00,2895.4870,2960.7260
2026-09-17T03:00:00+00:00,941.6150,1111.5580
2026-09-17T04:00:00+00:00,1558.8980,1383.0260
2026-09-17T05:00:00+00:00,1174.1490,1624.7580
2026-09-17T06:00:00+00:00,1375.9540,1294.0880
2026-09-17T07:00:00+00:00,1569.9050,1882.6930
2026-09-17T08:00:00+00:00,1361.9660,1418.9350
2026-09-17T09:00:00+00:00,3193.6250,2456.9240
2026-09-17T10:00:00+00:00,1577.7530,2072.1700
2026-09-17T11:00:00+00:00,1757.6650,1943.5120
2026-09-17T12:00:00+00:00,7204.5470,6857.1250
2026-09-17T13:00:00+00:00,7142.6570,7050.7040
2026-09-17T14:00:00+00:00,5959.8970,6498.0610
2026-09-17T15:00:00+00:00,4280.8130,3671.5520
2026-09-17T16:00:00+00:00,2007.9890,2027.1120
2026-09-17T17:00:00+00:00,2750.3650,3081.2560
2026-09-17T18:00:00+00:00,1125.2150,1191.5880
2026-09-17T19:00:00+00:00,1201.6130,995.6060
2026-09-17T20:00:00+00:00,927.8840,915.1530
2026-09-17T21:00:00+00:00,647.0310,1000.5620
2026-09-17T22:00:00+00:00,1460.9770,1380.3670
2026-09-17T23:00:00+00:00,843.2450,835.0670
2026-09-18T00:00:00+00:00,1590.0430,1328.3570
2026-09-18T01:00:00+00:00,1638.2710,1772.6190
2026-09-18T02:00:00+00:00,3102.8590,2485.9540
2026-09-18T03:00:00+00:00,6710.5620,5695.8430
2026-09-18T04:00:00+00:00,2113.9000,2637.9220
2026-09-18T05:00:00+00:00,3733.6250,3737.2440
2026-09-18T06:00:00+00:00,1711.7040,2595.1020
2026-09-18T07:00:00+00:00,4095.0150,3297.9880
2026-09-18T08:00:00+00:00,5858.5260,4486.1200
2026-09-18T09:00:00+00:00,4588.1580,5271.8170
2026-09-18T10:00:00+00:00,1812.0830,2103.0240
2026-09-18T11:00:00+00:00,2679.8640,3183.7730
2026-09-18T12:00:00+00:00,1794.7920,1959.5320
2026-09-18T13:00:00+00:00,22152.4910,17356.2120
2026-09-18T14:00:00+00:00,16902.3370,16577.2110
2026-09-18T15:00:00+00:00,8615.2710,8106.5200
2026-09-18T16:00:00+00:00,7038.0500,7422.7210
2026-09-18T17:00:00+00:00,3978.8570,3884.3780
2026-09-18T18:00:00+00:00,2422.7120,2553.7280
2026-09-18T19:00:00+00:00,4689.9920,3573.0840
2026-09-18T20:00:00+00:00,2207.7140,2164.2800
2026-09-18T21:00:00+00:00,1547.9380,1589.8700
2026-09-18T22:00:00+00:00,1550.3370,1533.3980
2026-09-18T23:00:00+00:00,1234.9600,1734.7510
2026-09-19T00:00:00+00:00,4061.6120,2477.0310
2026-09-19T01:00:00+00:00,2738.6270,3355.0740
2026-09-19T02:00:00+00:00,821.8400,1074.4050
2026-09-19T03:00:00+00:00,976.6740,1266.5190
2026-09-19T04:00:00+00:00,1406.8750,1700.5350
2026-09-19T05:00:00+00:00,934.9600,628.5070
2026-09-19T06:00:00+00:00,848.7070,854.1520
2026-09-19T07:00:00+00:00,1209.2120,997.1100
2026-09-19T08:00:00+00:00,1677.5000,1294.8100
2026-09-19T09:00:00+00:00,1874.2840,1921.7590
2026-09-19T10:00:00+00:00,1211.7830,1792.0200
2026-09-19T11:00:00+00:00,746.8900,670.9500
2026-09-19T12:00:00+00:00,896.6920,898.6700
2026-09-19T13:00:00+00:00,994.3330,1005.9560
2026-09-19T14:00:00+00:00,2567.7800,2273.1160
2026-09-19T15:00:00+00:00,4059.7080,3471.0710
2026-09-19T16:00:00+00:00,1816.8180,2197.3610
2026-09-19T17:00:00+00:00,1510.6070,2119.2670
2026-09-19T18:00:00+00:00,1197.3730,1169.2950
2026-09-19T19:00:00+00:00,664.8060,743.9580
2026-09-19T20:00:00+00:00,942.0570,1346.1810
2026-09-19T21:00:00+00:00,1982.8330,2213.2030
2026-09-19T22:00:00+00:00,1125.0730,1215.6490
2026-09-19T23:00:00+00:00,1139.4860,1034.4160
2026-09-20T00:00:00+00:00,949.5970,921.2340
2026-09-20T01:00:00+00:00,860.1640,1486.9640
2026-09-20T02:00:00+00:00,5373.2020,7560.7780
2026-09-20T03:00:00+00:00,3831.7530,3310.5250
2026-09-20T04:00:00+00:00,1102.2540,1186.5280
2026-09-20T05:00:00+00:00,1663.4680,1805.0310
2026-09-20T06:00:00+00:00,2225.7440,2766.0000
2026-09-20T07:00:00+00:00,1537.7760,1539.6780
2026-09-20T08:00:00+00:00,1350.6730,1278.1970
2026-09-20T09:00:00+00:00,1529.1610,1068.7840
2026-09-20T10:00:00+00:00,930.6800,1063.5480
2026-09-20T11:00:00+00:00,1036.6070,1265.5730
2026-09-20T12:00:00+00:00,1230.5840,864.1330
2026-09-20T13:00:00+00:00,1768.9800,1241.6290
2026-09-20T14:00:00+00:00,2096.1340,1631.4030
2026-09-20T15:00:00+00:00,2853.9510,2205.9910
2026-09-20T16:00:00+00:00,6314.8380,4860.6460
2026-09-20T17:00:00+00:00,2558.3130,2852.1860
2026-09-20T18:00:00+00:00,1304.0870,2167.5590
2026-09-20T19:00:00+00:00,845.1230,1033.8820
2026-09-20T20:00:00+00:00,633.2050,737.7790
2026-09-20T21:00:00+00:00,1804.3570,3086.6860
2026-09-20T22:00:00+00:00,2114.9740,1554.9730
2026-09-20T23:00:00+00:00,1712.4460,1590.3900
2026-09-21T00:00:00+00:00,6879.3650,5030.9350
2026-09-21T01:00:00+00:00,7236.2460,8054.6600
2026-09-21T02:00:00+00:00,3456.7830,3577.7240
2026-09-21T03:00:00+00:00,1342.0070,1189.4120
2026-09-21T04:00:00+00:00,1047.6790,1330.5550
2026-09-21T05:00:00+00:00,2166.8310,1893.7010
2026-09-21T06:00:00+00:00,2306.2510,3274.5560
2026-09-21T07:00:00+00:00,1739.1020,1598.1940
2026-09-21T08:00:00+00:00,24135.6590,16694.1670
2026-09-21T09:00:00+00:00,19785.5140,16127.8280
2026-09-21T10:00:00+00:00,6710.4160,6956.3430
2026-09-21T11:00:00+00:00,4421.3780,3877.0910
2026-09-21T12:00:00+00:00,7668.3360,7096.2190
2026-09-21T13:00:00+00:00,10616.4500,10465.3320
2026-09-21T14:00:00+00:00,11948.7280,12447.7840
2026-09-21T15:00:00+00:00,8863.9320,8619.6990
2026-09-21T16:00:00+00:00,4203.7500,5035.2230
2026-09-21T17:00:00+00:00,3270.9010,3705.9600
2026-09-21T18:00:00+00:00,2213.4810,2869.1710
2026-09-21T19:00:00+00:00,8630.7650,6008.5450
2026-09-21T20:00:00+00:00,7608.4430,5759.2500
2026-09-21T21:00:00+00:00,2090.3130,2243.6530
2026-09-21T22:00:00+00:00,2076.7060,2760.5540
2026-09-21T23:00:00+00:00,1912.5600,1755.0240
2026-09-22T00:00:00+00:00,3356.3750,6383.7950
2026-09-22T01:00:00+00:00,3950.5900,4717.7000
2026-09-22T02:00:00+00:00,3724.2430,3288.7800
2026-09-22T03:00:00+00:00,2813.3330,3215.5340
2026-09-22T04:00:00+00:00,2276.3570,3406.9790
2026-09-22T05:00:00+00:00,3932.3390,5014.8580
2026-09-22T06:00:00+00:00,2300.7420,1893.6530
2026-09-22T07:00:00+00:00,2824.0340,3866.2740
2026-09-22T08:00:00+00:00,8492.0240,5774.5880
2026-09-22T09:00:00+00:00,4501.3660,5224.3400
2026-09-22T10:00:00+00:00,2424.9090,3523.9170
2026-09-22T11:00:00+00:00,1748.9220,1987.5520
2026-09-22T12:00:00+00:00,2503.6940,2136.0540
2026-09-22T13:00:00+00:00,5747.5060,5510.6890
2026-09-22T14:00:00+00:00,5641.8830,6582.8900
2026-09-22T15:00:00+00:00,4281.2980,4351.8350
2026-09-22T16:00:00+00:00,3901.5940,4804.1880
2026-09-22T17:00:00+00:00,3717.4220,5099.9090
2026-09-22T18:00:00+00:00,2417.9830,4317.9260
2026-09-22T19:00:00+00:00,2250.2960,3449.2480
2026-09-22T20:00:00+00:00,1300.9960,1201.3910
2026-09-22T21:00:00+00:00,715.4890,906.9500
2026-09-22T22:00:00+00:00,1613.0390,1680.2420
2026-09-22T23:00:00+00:00,2447.8000,2230.0920
2026-09-23T00:00:00+00:00,2528.8270,1962.5430
2026-09-23T01:00:00+00:00,3255.6190,3372.4520
2026-09-23T02:00:00+00:00,1391.1050,1376.4960
2026-09-23T03:00:00+00:00,2550.8360,2201.0160
2026-09-23T04:00:00+00:00,5129.1740,4057.1760
2026-09-23T05:00:00+00:00,2771.6500,4533.5170
2026-09-23T06:00:00+00:00,1855.5190,2202.5640
2026-09-23T07:00:00+00:00,3031.6450,3863.7330
2026-09-23T08:00:00+00:00,3652.3470,4485.8180
2026-09-23T09:00:00+00:00,2587.7610,2497.1080
2026-09-23T10:00:00+00:00,3042.3490,2586.8220
2026-09-23T11:00:00+00:00,3145.8070,3672.7140
2026-09-23T12:00:00+00:00,3555.0500,5155.7760
2026-09-23T13:00:00+00:00,5532.7610,5032.6560
2026-09-23T14:00:00+00:00,25524.2030,27609.0590
2026-09-23T15:00:00+00:00,9120.9900,9550.5630
2026-09-23T16:00:00+00:00,9208.8160,10229.8260
2026-09-23T17:00:00+00:00,4940.5400,4739.1480
2026-09-23T18:00:00+00:00,1837.3270,1735.4910
2026-09-23T19:00:00+00:00,2181.4880,2141.7960
2026-09-23T20:00:00+00:00,1110.0770,1354.0020
2026-09-23T21:00:00+00:00,1097.1540,771.6030
2026-09-23T22:00:00+00:00,1596.9940,1205.7510
2026-09-23T23:00:00+00:00,725.3930,1296.4060
2026-09-24T00:00:00+00:00,1242.1550,1593.5440
2026-09-24T01:00:00+00:00,1786.6770,2042.8080
2026-09-24T02:00:00+00:00,3296.8630,3317.7700
2026-09-24T03:00:00+00:00,1730.2350,2211.7600
2026-09-24T04:00:00+00:00,2516.8210,2163.8280
2026-09-24T05:00:00+00:00,2373.6810,1713.2070
2026-09-24T06:00:00+00:00,1599.3620,1112.5040
2026-09-24T07:00:00+00:00,3929.1450,2634.8560
2026-09-24T08:00:00+00:00,6526.4130,9744.8430
2026-09-24T09:00:00+00:00,7087.9120,7965.2050
2026-09-24T10:00:00+00:00,3866.2840,2897.1240
2026-09-24T11:00:00+00:00,1453.1140,2273.6920
2026-09-24T12:00:00+00:00,2055.6670,1848.7920
2026-09-24T13:00:00+00:00,6530.5200,5630.7980
2026-09-24T14:00:00+00:00,10399.7830,10531.7140
2026-09-24T15:00:00+00:00,5082.2800,4424.3310
2026-09-24T16:00:00+00:00,5628.1140,5811.5190
2026-09-24T17:00:00+00:00,2091.1400,2589.8140
2026-09-24T18:00:00+00:00,2678.6340,2150.2320
2026-09-24T19:00:00+00:00,2026.9470,2642.9570
2026-09-24T20:00:00+00:00,1591.8250,1562.7660
2026-09-24T21:00:00+00:00,811.6620,716.7220
2026-09-24T22:00:00+00:00,1483.1450,1980.3780
2026-09-24T23:00:00+00:00,751.9050,968.6990
2026-09-25T00:00:00+00:00,1992.9750,1670.2360
2026-09-25T01:00:00+00:00,1989.5680,1999.0320
2026-09-25T02:00:00+00:00,2851.0360,3285.4610
2026-09-25T03:00:00+00:00,1902.3980,1714.4210
2026-09-25T04:00:00+00:00,1124.6430,1235.2830
2026-09-25T05:00:00+00:00,1040.6540,856.9280
2026-09-25T06:00:00+00:00,2128.2600,2653.4610
2026-09-25T07:00:00+00:00,3441.6510,4746.3910
2026-09-25T08:00:00+00:00,2306.2750,2299.7680
2026-09-25T09:00:00+00:00,3312.9260,3167.0760
2026-09-25T10:00:00+00:00,2571.1180,2577.4710
2026-09-25T11:00:00+00:00,5512.8990,6035.0340
2026-09-25T12:00:00+00:00,5381.2390,6157.6610
2026-09-25T13:00:00+00:00,6454.9820,6611.3110
2026-09-25T14:00:00+00:00,7036.9160,7394.6630
2026-09-25T15:00:00+00:00,4179.4840,4695.2860
2026-09-25T16:00:00+00:00,3627.9920,3340.0230
2026-09-25T17:00:00+00:00,1314.4370,1654.2860
2026-09-25T18:00:00+00:00,1409.7600,1111.8110
2026-09-25T19:00:00+00:00,1134.7190,922.5670
2026-09-25T20:00:00+00:00,1765.8960,1712.8670
2026-09-25T21:00:00+00:00,921.8550,1558.5680
2026-09-25T22:00:00+00:00,1058.5430,979.4570
2026-09-25T23:00:00+00:00,516.8550,668.6100
2026-09-26T00:00:00+00:00,1174.5610,1390.6410
2026-09-26T01:00:00+00:00,781.1220,764.6020
2026-09-26T02:00:00+00:00,703.0820,788.7280
2026-09-26T03:00:00+00:00,457.9360,530.5770
2026-09-26T04:00:00+00:00,752.5730,735.8470
2026-09-26T05:00:00+00:00,537.7050,521.3430
2026-09-26T06:00:00+00:00,400.4770,438.7290
2026-09-26T07:00:00+00:00,1097.4710,634.4030
2026-09-26T08:00:00+00:00,1506.6470,1229.2490
2026-09-26T09:00:00+00:00,867.9890,1096.5800
2026-09-26T10:00:00+00:00,717.6010,510.8310
2026-09-26T11:00:00+00:00,320.9590,349.5780
2026-09-26T12:00:00+00:00,406.4400,638.3360
2026-09-26T13:00:00+00:00,1104.8770,1440.5550
2026-09-26T14:00:00+00:00,509.1580,484.8480
2026-09-26T15:00:00+00:00,659.3120,862.1480
2026-09-26T16:00:00+00:00,363.3410,562.4210
2026-09-26T17:00:00+00:00,470.2700,521.5510
2026-09-26T18:00:00+00:00,499.1570,447.0620
2026-09-26T19:00:00+00:00,358.7500,282.3830
2026-09-26T20:00:00+00:00,985.1670,802.2980
2026-09-26T21:00:00+00:00,879.7280,727.8560
2026-09-26T22:00:00+00:00,1198.0340,969.7190
2026-09-26T23:00:00+00:00,1774.0340,1081.9770
2026-09-27T00:00:00+00:00,551.0490,834.4990
2026-09-27T01:00:00+00:00,1127.2110,626.5410
2026-09-27T02:00:00+00:00,557.9190,498.1810
2026-09-27T03:00:00+00:00,429.0520,616.7100
2026-09-27T04:00:00+00:00,560.2820,714.1720
2026-09-27T05:00:00+00:00,1119.8860,821.9690
2026-09-27T06:00:00+00:00,678.4310,752.5110
2026-09-27T07:00:00+00:00,2004.8670,1069.7810
2026-09-27T08:00:00+00:00,1864.2660,1896.3950
2026-09-27T09:00:00+00:00,1663.0020,1358.5060
2026-09-27T10:00:00+00:00,2120.6270,2174.1530
2026-09-27T11:00:00+00:00,1060.0970,1065.2390
2026-09-27T12:00:00+00:00,708.5400,907.4250
2026-09-27T13:00:00+00:00,3227.5290,3014.7210
2026-09-27T14:00:00+00:00,2377.6040,3371.7390
2026-09-27T15:00:00+00:00,2366.8490,2983.4170
2026-09-27T16:00:00+00:00,1447.5320,1504.8900
2026-09-27T17:00:00+00:00,1013.0600,933.4290
2026-09-27T18:00:00+00:00,1356.4220,1045.9320
2026-09-27T19:00:00+00:00,806.2180,1400.6610
2026-09-27T20:00:00+00:00,590.8670,1053.2870
2026-09-27T21:00:00+00:00,979.4290,995.7870
2026-09-27T22:00:00+00:00,2264.2440,2294.3590
2026-09-27T23:00:00+00:00,1900.6680,1877.8690
2026-09-28T00:00:00+00:00,4444.3600,4659.0930
2026-09-28T01:00:00+00:00,4097.0910,4912.6130
2026-09-28T02:00:00+00:00,3256.0140,3643.4940
2026-09-28T03:00:00+00:00,3069.5480,4024.8200
2026-09-28T04:00:00+00:00,1720.5980,1417.4860
2026-09-28T05:00:00+00:00,5616.8800,7138.4110
2026-09-28T06:00:00+00:00,2467.3900,1960.3500
2026-09-28T07:00:00+00:00,2596.3350,2218.4700
2026-09-28T08:00:00+00:00,2676.0420,3170.0420
2026-09-28T09:00:00+00:00,3614.6280,3514.1130
2026-09-28T10:00:00+00:00,2895.1950,1950.5230
2026-09-28T11:00:00+00:00,1877.0120,1614.9430
2026-09-28T12:00:00+00:00,5134.5000,5126.3890
2026-09-28T13:00:00+00:00,4192.0670,4261.4040
2026-09-28T14:00:00+00:00,5653.9260,7836.1090
2026-09-28T15:00:00+00:00,3435.9030,4422.8100
2026-09-28T16:00:00+00:00,7453.9570,6303.6500
2026-09-28T17:00:00+00:00,4610.7250,3647.0440
2026-09-28T18:00:00+00:00,1100.0340,1247.6870
2026-09-28T19:00:00+00:00,2571.6410,3393.3380
2026-09-28T20:00:00+00:00,1016.9390,1104.9020
2026-09-28T21:00:00+00:00,1146.8330,1165.8460
2026-09-28T22:00:00+00:00,1213.9880,957.9450
2026-09-28T23:00:00+00:00,747.2130,1138.0430
2026-09-29T00:00:00+00:00,1496.6620,1490.2260
2026-09-29T01:00:00+00:00,3384.4520,3218.8660
2026-09-29T02:00:00+00:00,1285.0850,1427.4030
2026-09-29T03:00:00+00:00,1407.6270,1597.2030
2026-09-29T04:00:00+00:00,930.7010,843.5240
2026-09-29T05:00:00+00:00,1684.5980,1296.0650
2026-09-29T06:00:00+00:00,4161.1960,3234.5440
2026-09-29T07:00:00+00:00,2636.1280,3079.5940
2026-09-29T08:00:00+00:00,2691.2330,3399.7650
2026-09-29T09:00:00+00:00,3148.0090,2286.9400
2026-09-29T10:00:00+00:00,1552.6820,2161.6640
2026-09-29T11:00:00+00:00,2939.0680,2317.5470
2026-09-29T12:00:00+00:00,2484.1620,2462.0720
2026-09-29T13:00:00+00:00,3378.4220,4169.8970
2026-09-29T14:00:00+00:00,3820.2900,3890.4930
2026-09-29T15:00:00+00:00,9832.9690,9867.2480
2026-09-29T16:00:00+00:00,3528.9900,3931.9940
2026-09-29T17:00:00+00:00,2154.8230,1719.4950
2026-09-29T18:00:00+00:00,3310.6670,2461.0760
2026-09-29T19:00:00+00:00,1584.3320,2363.0650
2026-09-29T20:00:00+00:00,600.6480,505.9490
2026-09-29T21:00:00+00:00,961.5540,1497.3630
2026-09-29T22:00:00+00:00,1253.4200,874.7320
2026-09-29T23:00:00+00:00,1630.1370,1085.0140
2026-09-30T00:00:00+00:00,1145.1320,1328.2510
2026-09-30T01:00:00+00:00,952.5190,805.7690
2026-09-30T02:00:00+00:00,1252.2230,1470.9090
2026-09-30T03:00:00+00:00,1028.3630,1312.5110
2026-09-30T04:00:00+00:00,688.9880,902.8480
2026-09-30T05:00:00+00:00,1357.3520,1030.5820
2026-09-30T06:00:00+00:00,1981.8050,2483.2310
2026-09-30T07:00:00+00:00,2197.8230,2771.1060
2026-09-30T08:00:00+00:00,1778.6230,2670.3330
2026-09-30T09:00:00+00:00,4057.2500,3111.0700
2026-09-30T10:00:00+00:00,3544.0620,2621.1810
2026-09-30T11:00:00+00:00,2482.0070,3540.7670
2026-09-30T12:00:00+00:00,17970.9730,13535.5160
2026-09-30T13:00:00+00:00,16322.0890,17979.9780
2026-09-30T14:00:00+00:00,12334.3340,12353.0470
2026-09-30T15:00:00+00:00,5314.7710,5631.2570
2026-09-30T16:00:00+00:00,2729.3740,3176.0150
2026-09-30T17:00:00+00:00,2032.9710,2726.4370
2026-09-30T18:00:00+00:00,1570.0570,1545.2490
2026-09-30T19:00:00+00:00,3132.7200,3027.8210
2026-09-30T20:00:00+00:00,1462.5050,1184.2820
2026-09-30T21:00:00+00:00,732.0070,551.5620
2026-09-30T22:00:00+00:00,746.7880,902.5610
2026-09-30T23:00:00+00:00,1719.0310,1644.3530
2026-10-01T00:00:00+00:00,1456.6610,1667.3300
2026-10-01T01:00:00+00:00,1204.6970,1192.7660
2026-10-01T02:00:00+00:00,1257.3060,1467.4660
2026-10-01T03:00:00+00:00,1470.2130,1328.5760
2026-10-01T04:00:00+00:00,3372.3730,2340.7150
2026-10-01T05:00:00+00:00,2144.4310,2445.9980
2026-10-01T06:00:00+00:00,1232.0660,2059.8830
2026-10-01T07:00:00+00:00,6066.3320,5472.1240
2026-10-01T08:00:00+00:00,3867.2770,4503.5110
2026-10-01T09:00:00+00:00,2394.1740,2320.4680
2026-10-01T10:00:00+00:00,3100.2190,3232.5260
2026-10-01T11:00:00+00:00,1577.1370,1741.2380
2026-10-01T12:00:00+00:00,1858.0140,2361.6340
2026-10-01T13:00:00+00:00,5466.5580,6299.8000
2026-10-01T14:00:00+00:00,6143.6500,5761.5860
2026-10-01T15:00:00+00:00,4975.1560,4725.5380
2026-10-01T16:00:00+00:00,4750.6510,4552.4730
2026-10-01T17:00:00+00:00,7982.2380,7148.7350
2026-10-01T18:00:00+00:00,4592.7910,5208.8260
2026-10-01T19:00:00+00:00,1966.0110,2259.5370
2026-10-01T20:00:00+00:00,1270.9330,1479.4150
2026-10-01T21:00:00+00:00,740.6080,805.5010
2026-10-01T22:00:00+00:00,1006.1820,1008.6120
2026-10-01T23:00:00+00:00,1073.1340,804.2800
2026-10-02T00:00:00+00:00,1645.1850,1645.8260
2026-10-02T01:00:00+00:00,1270.0230,1438.0250
2026-10-02T02:00:00+00:00,2399.6190,1825.0100
2026-10-02T03:00:00+00:00,5445.4440,4016.6430
2026-10-02T04:00:00+00:00,17605.7220,12177.9580
2026-10-02T05:00:00+00:00,3879.6450,6531.8620
2026-10-02T06:00:00+00:00,3133.6950,2987.5720
2026-10-02T07:00:00+00:00,3357.6260,4011.8840
2026-10-02T08:00:00+00:00,4527.7300,3987.0430
2026-10-02T09:00:00+00:00,2699.2120,2264.7070
2026-10-02T10:00:00+00:00,2461.5330,1805.4540
2026-10-02T11:00:00+00:00,1704.3200,1573.4570
2026-10-02T12:00:00+00:00,11020.7970,9333.6160
2026-10-02T13:00:00+00:00,5710.3960,6519.5370
2026-10-02T14:00:00+00:00,10096.4880,15277.8940
2026-10-02T15:00:00+00:00,8952.2380,7347.9030
2026-10-02T16:00:00+00:00,4474.2310,4137.7600
2026-10-02T17:00:00+00:00,7007.1230,8552.3620
2026-10-02T18:00:00+00:00,7081.4570,7531.1080
2026-10-02T19:00:00+00:00,3168.1640,2775.7550
2026-10-02T20:00:00+00:00,5777.0690,5520.2210
2026-10-02T21:00:00+00:00,1461.4640,1523.2590
2026-10-02T22:00:00+00:00,1469.8130,1448.1080
2026-10-02T23:00:00+00:00,707.8690,788.0930
2026-10-03T00:00:00+00:00,1409.7190,1405.7740
2026-10-03T01:00:00+00:00,866.4160,915.0120
2026-10-03T02:00:00+00:00,685.2630,602.6680
2026-10-03T03:00:00+00:00,543.1700,604.6620
2026-10-03T04:00:00+00:00,662.2350,966.1520
2026-10-03T05:00:00+00:00,403.5740,366.7730
2026-10-03T06:00:00+00:00,891.7830,1139.4550
2026-10-03T07:00:00+00:00,795.6650,1178.5140
2026-10-03T08:00:00+00:00,471.6130,413.1520
2026-10-03T09:00:00+00:00,350.6000,374.4730
2026-10-03T10:00:00+00:00,448.7680,462.9640
2026-10-03T11:00:00+00:00,683.6750,486.0230
2026-10-03T12:00:00+00:00,2717.2740,1653.5180
2026-10-03T13:00:00+00:00,1094.2590,1005.1610
2026-10-03T14:00:00+00:00,597.5190,745.0700
2026-10-03T15:00:00+00:00,1112.1240,1038.3330
2026-10-03T16:00:00+00:00,662.0480,910.1890
2026-10-03T17:00:00+00:00,1079.8180,910.3430
2026-10-03T18:00:00+00:00,559.8660,630.6610
2026-10-03T19:00:00+00:00,798.9830,1312.8370
2026-10-03T20:00:00+00:00,800.5930,981.9660
2026-10-03T21:00:00+00:00,1220.6330,1957.5050
2026-10-03T22:00:00+00:00,647.7810,512.0450
2026-10-03T23:00:00+00:00,1313.5580,1756.6480
2026-10-04T00:00:00+00:00,1260.9270,1038.5530
2026-10-04T01:00:00+00:00,346.1610,314.3160
2026-10-04T02:00:00+00:00,302.0560,436.4820
2026-10-04T03:00:00+00:00,294.2640,273.0910
2026-10-04T04:00:00+00:00,114.8680,125.3790
2026-10-04T05:00:00+00:00,625.5780,435.5110
2026-10-04T06:00:00+00:00,2191.1810,1193.9910
2026-10-04T07:00:00+00:00,729.5810,750.9310
2026-10-04T08:00:00+00:00,1145.1370,1414.4500
2026-10-04T09:00:00+00:00,1371.7160,996.6200
2026-10-04T10:00:00+00:00,1344.8030,1246.1100
2026-10-04T11:00:00+00:00,560.6200,827.4650
2026-10-04T12:00:00+00:00,1086.6010,1649.9260
2026-10-04T13:00:00+00:00,865.4500,823.9470
2026-10-04T14:00:00+00:00,785.8910,972.0370
2026-10-04T15:00:00+00:00,1587.3970,1228.7640
2026-10-04T16:00:00+00:00,1048.1930,989.7280
2026-10-04T17:00:00+00:00,448.4740,655.0660
2026-10-04T18:00:00+00:00,396.9040,372.7820
2026-10-04T19:00:00+00:00,1499.3960,1143.5410
2026-10-04T20:00:00+00:00,2660.4190,1614.8150
2026-10-04T21:00:00+00:00,3761.0950,3623.2880
2026-10-04T22:00:00+00:00,6465.9580,6694.0740
2026-10-04T23:00:00+00:00,3732.8240,3532.3040
2026-10-05T00:00:00+00:00,3205.6690,3326.8670
2026-10-05T01:00:00+00:00,3974.0760,4034.0490
2026-10-05T02:00:00+00:00,2349.1070,2834.0140
2026-10-05T03:00:00+00:00,2405.7050,3361.1280
2026-10-05T04:00:00+00:00,5038.5120,6128.4680
2026-10-05T05:00:00+00:00,4087.9350,2894.8100
2026-10-05T06:00:00+00:00,4358.9660,3488.9660
2026-10-05T07:00:00+00:00,4151.1270,3276.3840
2026-10-05T08:00:00+00:00,2639.9580,2920.8460
2026-10-05T09:00:00+00:00,2990.9500,3617.4200
2026-10-05T10:00:00+00:00,1800.7530,1472.3090
2026-10-05T11:00:00+00:00,1626.2670,1695.7330
2026-10-05T12:00:00+00:00,1334.5870,1716.8030
2026-10-05T13:00:00+00:00,5439.9960,4065.8410
