timestamp,ls_ratio,long_pct,short_pct
2026-09-15T15:00:00+00:00,1.7241,63.29,36.71
2026-09-15T16:00:00+00:00,1.7878,64.13,35.87
2026-09-15T17:00:00+00:00,1.7571,63.73,36.27
2026-09-15T18:00:00+00:00,1.7495,63.63,36.37
2026-09-15T19:00:00+00:00,1.7473,63.6,36.4
2026-09-15T20:00:00+00:00,1.7548,63.7,36.3
2026-09-15T21:00:00+00:00,1.7503,63.64,36.36
2026-09-15T22:00:00+00:00,1.8011,64.3,35.7
2026-09-15T23:00:00+00:00,1.8193,64.53,35.47
2026-09-16T00:00:00+00:00,1.8177,64.51,35.49
2026-09-16T01:00:00+00:00,1.8321,64.69,35.31
2026-09-16T02:00:00+00:00,1.8209,64.55,35.45
2026-09-16T03:00:00+00:00,1.8209,64.55,35.45
2026-09-16T04:00:00+00:00,1.8265,64.62,35.38
2026-09-16T05:00:00+00:00,1.8345,64.72,35.28
2026-09-16T06:00:00+00:00,1.8313,64.68,35.32
2026-09-16T07:00:00+00:00,1.8217,64.56,35.44
2026-09-16T08:00:00+00:00,1.8169,64.5,35.5
2026-09-16T09:00:00+00:00,1.8289,64.65,35.35
2026-09-16T10:00:00+00:00,1.8177,64.51,35.49
2026-09-16T11:00:00+00:00,1.7801,64.03,35.97
2026-09-16T12:00:00+00:00,1.8161,64.49,35.51
2026-09-16T13:00:00+00:00,1.7917,64.18,35.82
2026-09-16T14:00:00+00:00,1.8098,64.41,35.59
2026-09-16T15:00:00+00:00,1.8177,64.51,35.49
2026-09-16T16:00:00+00:00,1.8169,64.5,35.5
2026-09-16T17:00:00+00:00,1.8114,64.43,35.57
2026-09-16T18:00:00+00:00,1.6164,61.78,38.22
2026-09-16T19:00:00+00:00,1.5793,61.23,38.77
2026-09-16T20:00:00+00:00,1.5031,60.05,39.95
2026-09-16T21:00:00+00:00,1.5164,60.26,39.74
2026-09-16T22:00:00+00:00,1.5088,60.14,39.86
2026-09-16T23:00:00+00:00,1.5208,60.33,39.67
2026-09-17T00:00:00+00:00,1.5253,60.4,39.6
2026-09-17T01:00:00+00:00,1.5138,60.22,39.78
2026-09-17T02:00:00+00:00,1.5126,60.2,39.8
2026-09-17T03:00:00+00:00,1.5164,60.26,39.74
2026-09-17T04:00:00+00:00,1.5094,60.15,39.85
2026-09-17T05:00:00+00:00,1.5056,60.09,39.91
2026-09-17T06:00:00+00:00,1.4931,59.89,40.11
2026-09-17T07:00:00+00:00,1.4888,59.82,40.18
2026-09-17T08:00:00+00:00,1.4869,59.79,40.21
2026-09-17T09:00:00+00:00,1.4832,59.73,40.27
2026-09-17T10:00:00+00:00,1.4704,59.52,40.48
2026-09-17T11:00:00+00:00,1.4716,59.54,40.46
2026-09-17T12:00:00+00:00,1.4679,59.48,40.52
2026-09-17T13:00:00+00:00,1.4231,58.73,41.27
2026-09-17T14:00:00+00:00,1.4814,59.7,40.3
2026-09-17T15:00:00+00:00,1.4295,58.84,41.16
2026-09-17T16:00:00+00:00,1.4558,59.28,40.72
2026-09-17T17:00:00+00:00,1.4432,59.07,40.93
2026-09-17T18:00:00+00:00,1.4313,58.87,41.13
2026-09-17T19:00:00+00:00,1.4284,58.82,41.18
2026-09-17T20:00:00+00:00,1.4349,58.93,41.07
2026-09-17T21:00:00+00:00,1.4372,58.97,41.03
2026-09-17T22:00:00+00:00,1.4337,58.91,41.09
2026-09-17T23:00:00+00:00,1.4396,59.01,40.99
2026-09-18T00:00:00+00:00,1.445,59.1,40.9
2026-09-18T01:00:00+00:00,1.445,59.1,40.9
2026-09-18T02:00:00+00:00,1.4444,59.09,40.91
2026-09-18T03:00:00+00:00,1.4067,58.45,41.55
2026-09-18T04:00:00+00:00,1.4444,59.09,40.91
2026-09-18T05:00:00+00:00,1.4313,58.87,41.13
2026-09-18T06:00:00+00:00,1.4096,58.5,41.5
2026-09-18T07:00:00+00:00,1.3579,57.59,42.41
2026-09-18T08:00:00+00:00,1.3436,57.33,42.67
2026-09-18T09:00:00+00:00,1.3557,57.55,42.45
2026-09-18T10:00:00+00:00,1.3154,56.81,43.19
2026-09-18T11:00:00+00:00,1.3047,56.61,43.39
2026-09-18T12:00:00+00:00,1.2584,55.72,44.28
2026-09-18T13:00:00+00:00,1.2432,55.42,44.58
2026-09-18T14:00:00+00:00,1.1182,52.79,47.21
2026-09-18T15:00:00+00:00,1.0309,50.76,49.24
2026-09-18T16:00:00+00:00,0.9685,49.2,50.8
2026-09-18T17:00:00+00:00,0.9505,48.73,51.27
2026-09-18T18:00:00+00:00,0.9414,48.49,51.51
2026-09-18T19:00:00+00:00,0.9294,48.17,51.83
2026-09-18T20:00:00+00:00,0.9391,48.43,51.57
2026-09-18T21:00:00+00:00,0.9212,47.95,52.05
2026-09-18T22:00:00+00:00,0.9172,47.84,52.16
2026-09-18T23:00:00+00:00,0.9131,47.73,52.27
2026-09-19T00:00:00+00:00,0.9015,47.41,52.59
2026-09-19T01:00:00+00:00,0.9249,48.05,51.95
2026-09-19T02:00:00+00:00,0.9406,48.47,51.53
2026-09-19T03:00:00+00:00,0.9402,48.46,51.54
2026-09-19T04:00:00+00:00,0.9387,48.42,51.58
2026-09-19T05:00:00+00:00,0.9354,48.33,51.67
2026-09-19T06:00:00+00:00,0.9376,48.39,51.61
2026-09-19T07:00:00+00:00,0.9346,48.31,51.69
2026-09-19T08:00:00+00:00,0.9376,48.39,51.61
2026-09-19T09:00:00+00:00,0.9421,48.51,51.49
2026-09-19T10:00:00+00:00,0.944,48.56,51.44
2026-09-19T11:00:00+00:00,0.9459,48.61,51.39
2026-09-19T12:00:00+00:00,0.947,48.64,51.36
2026-09-19T13:00:00+00:00,0.9486,48.68,51.32
2026-09-19T14:00:00+00:00,0.9417,48.5,51.5
2026-09-19T15:00:00+00:00,0.9395,48.44,51.56
2026-09-19T16:00:00+00:00,0.9535,48.81,51.19
2026-09-19T17:00:00+00:00,0.9501,48.72,51.28
2026-09-19T18:00:00+00:00,0.9433,48.54,51.46
2026-09-19T19:00:00+00:00,0.941,48.48,51.52
2026-09-19T20:00:00+00:00,0.9455,48.6,51.4
2026-09-19T21:00:00+00:00,0.9361,48.35,51.65
2026-09-19T22:00:00+00:00,0.9301,48.19,51.81
2026-09-19T23:00:00+00:00,0.938,48.4,51.6
2026-09-20T00:00:00+00:00,0.9421,48.51,51.49
2026-09-20T01:00:00+00:00,0.9414,48.49,51.51
2026-09-20T02:00:00+00:00,0.9342,48.3,51.7
2026-09-20T03:00:00+00:00,0.8918,47.14,52.86
2026-09-20T04:00:00+00:00,0.9128,47.72,52.28
2026-09-20T05:00:00+00:00,0.9172,47.84,52.16
2026-09-20T06:00:00+00:00,0.9253,48.06,51.94
2026-09-20T07:00:00+00:00,0.9249,48.05,51.95
2026-09-20T08:00:00+00:00,0.926,48.08,51.92
2026-09-20T09:00:00+00:00,0.9305,48.2,51.8
2026-09-20T10:00:00+00:00,0.9444,48.57,51.43
2026-09-20T11:00:00+00:00,0.9493,48.7,51.3
2026-09-20T12:00:00+00:00,0.9581,48.93,51.07
2026-09-20T13:00:00+00:00,0.9596,48.97,51.03
2026-09-20T14:00:00+00:00,0.965,49.11,50.89
2026-09-20T15:00:00+00:00,0.9798,49.49,50.51
2026-09-20T16:00:00+00:00,0.9932,49.83,50.17
2026-09-20T17:00:00+00:00,1.0056,50.14,49.86
2026-09-20T18:00:00+00:00,0.9818,49.54,50.46
2026-09-20T19:00:00+00:00,0.9743,49.35,50.65
2026-09-20T20:00:00+00:00,0.972,49.29,50.71
2026-09-20T21:00:00+00:00,0.9697,49.23,50.77
2026-09-20T22:00:00+00:00,0.9639,49.08,50.92
2026-09-20T23:00:00+00:00,0.967,49.16,50.84
2026-09-21T00:00:00+00:00,0.9608,49.0,51.0
2026-09-21T01:00:00+00:00,0.9639,49.08,50.92
2026-09-21T02:00:00+00:00,0.932,48.24,51.76
2026-09-21T03:00:00+00:00,0.9335,48.28,51.72
2026-09-21T04:00:00+00:00,0.9339,48.29,51.71
2026-09-21T05:00:00+00:00,0.9316,48.23,51.77
2026-09-21T06:00:00+00:00,0.926,48.08,51.92
2026-09-21T07:00:00+00:00,0.8734,46.62,53.38
2026-09-21T08:00:00+00:00,0.8657,46.4,53.6
2026-09-21T09:00:00+00:00,0.8907,47.11,52.89
2026-09-21T10:00:00+00:00,0.915,47.78,52.22
2026-09-21T11:00:00+00:00,0.912,47.7,52.3
2026-09-21T12:00:00+00:00,0.9164,47.82,52.18
2026-09-21T13:00:00+00:00,0.9051,47.51,52.49
2026-09-21T14:00:00+00:00,0.904,47.48,52.52
2026-09-21T15:00:00+00:00,0.9015,47.41,52.59
2026-09-21T16:00:00+00:00,0.8829,46.89,53.11
2026-09-21T17:00:00+00:00,0.8653,46.39,53.61
2026-09-21T18:00:00+00:00,0.8508,45.97,54.03
2026-09-21T19:00:00+00:00,0.8498,45.94,54.06
2026-09-21T20:00:00+00:00,0.8793,46.79,53.21
2026-09-21T21:00:00+00:00,0.9106,47.66,52.34
2026-09-21T22:00:00+00:00,0.9037,47.47,52.53
2026-09-21T23:00:00+00:00,0.89,47.09,52.91
2026-09-22T00:00:00+00:00,0.8925,47.16,52.84
2026-09-22T01:00:00+00:00,0.8681,46.47,53.53
2026-09-22T02:00:00+00:00,0.846,45.83,54.17
2026-09-22T03:00:00+00:00,0.8629,46.32,53.68
2026-09-22T04:00:00+00:00,0.8678,46.46,53.54
2026-09-22T05:00:00+00:00,0.8692,46.5,53.5
2026-09-22T06:00:00+00:00,0.8893,47.07,52.93
2026-09-22T07:00:00+00:00,0.8979,47.31,52.69
2026-09-22T08:00:00+00:00,0.908,47.59,52.41
2026-09-22T09:00:00+00:00,0.947,48.64,51.36
2026-09-22T10:00:00+00:00,0.9482,48.67,51.33
2026-09-22T11:00:00+00:00,0.9474,48.65,51.35
2026-09-22T12:00:00+00:00,0.9505,48.73,51.27
2026-09-22T13:00:00+00:00,0.9433,48.54,51.46
2026-09-22T14:00:00+00:00,0.944,48.56,51.44
2026-09-22T15:00:00+00:00,0.9339,48.29,51.71
2026-09-22T16:00:00+00:00,0.9186,47.88,52.12
2026-09-22T17:00:00+00:00,0.915,47.78,52.22
2026-09-22T18:00:00+00:00,0.9142,47.76,52.24
2026-09-22T19:00:00+00:00,0.9142,47.76,52.24
2026-09-22T20:00:00+00:00,0.9095,47.63,52.37
2026-09-22T21:00:00+00:00,0.9048,47.5,52.5
2026-09-22T22:00:00+00:00,0.9015,47.41,52.59
2026-09-22T23:00:00+00:00,0.8947,47.22,52.78
2026-09-23T00:00:00+00:00,0.9037,47.47,52.53
2026-09-23T01:00:00+00:00,0.9004,47.38,52.62
2026-09-23T02:00:00+00:00,0.899,47.34,52.66
2026-09-23T03:00:00+00:00,0.8965,47.27,52.73
2026-09-23T04:00:00+00:00,0.8932,47.18,52.82
2026-09-23T05:00:00+00:00,0.8939,47.2,52.8
2026-09-23T06:00:00+00:00,0.8907,47.11,52.89
2026-09-23T07:00:00+00:00,0.899,47.34,52.66
2026-09-23T08:00:00+00:00,0.8921,47.15,52.85
2026-09-23T09:00:00+00:00,0.8857,46.97,53.03
2026-09-23T10:00:00+00:00,0.8847,46.94,53.06
2026-09-23T11:00:00+00:00,0.8961,47.26,52.74
2026-09-23T12:00:00+00:00,0.9183,47.87,52.13
2026-09-23T13:00:00+00:00,0.9365,48.36,51.64
2026-09-23T14:00:00+00:00,0.9751,49.37,50.63
2026-09-23T15:00:00+00:00,1.07,51.69,48.31
2026-09-23T16:00:00+00:00,1.0614,51.49,48.51
2026-09-23T17:00:00+00:00,1.0912,52.18,47.82
2026-09-23T18:00:00+00:00,1.1317,53.09,46.91
2026-09-23T19:00:00+00:00,1.1418,53.31,46.69
2026-09-23T20:00:00+00:00,1.1538,53.57,46.43
2026-09-23T21:00:00+00:00,1.1464,53.41,46.59
2026-09-23T22:00:00+00:00,1.1515,53.52,46.48
2026-09-23T23:00:00+00:00,1.1622,53.75,46.25
2026-09-24T00:00:00+00:00,1.1608,53.72,46.28
2026-09-24T01:00:00+00:00,1.1468,53.42,46.58
2026-09-24T02:00:00+00:00,1.1395,53.26,46.74
2026-09-24T03:00:00+00:00,1.1631,53.77,46.23
2026-09-24T04:00:00+00:00,1.1668,53.85,46.15
2026-09-24T05:00:00+00:00,1.1867,54.27,45.73
2026-09-24T06:00:00+00:00,1.1858,54.25,45.75
2026-09-24T07:00:00+00:00,1.1896,54.33,45.67
2026-09-24T08:00:00+00:00,1.1844,54.22,45.78
2026-09-24T09:00:00+00:00,1.2202,54.96,45.04
2026-09-24T10:00:00+00:00,1.2326,55.21,44.79
2026-09-24T11:00:00+00:00,1.2645,55.84,44.16
2026-09-24T12:00:00+00:00,1.2558,55.67,44.33
2026-09-24T13:00:00+00:00,1.2594,55.74,44.26
2026-09-24T14:00:00+00:00,1.2748,56.04,43.96
2026-09-24T15:00:00+00:00,1.2609,55.77,44.23
2026-09-24T16:00:00+00:00,1.2701,55.95,44.05
2026-09-24T17:00:00+00:00,1.2311,55.18,44.82
2026-09-24T18:00:00+00:00,1.2232,55.02,44.98
2026-09-24T19:00:00+00:00,1.2311,55.18,44.82
2026-09-24T20:00:00+00:00,1.2282,55.12,44.88
2026-09-24T21:00:00+00:00,1.2282,55.12,44.88
2026-09-24T22:00:00+00:00,1.2272,55.1,44.9
2026-09-24T23:00:00+00:00,1.2193,54.94,45.06
2026-09-25T00:00:00+00:00,1.2193,54.94,45.06
2026-09-25T01:00:00+00:00,1.2217,54.99,45.01
2026-09-25T02:00:00+00:00,1.2178,54.91,45.09
2026-09-25T03:00:00+00:00,1.2153,54.86,45.14
2026-09-25T04:00:00+00:00,1.2292,55.14,44.86
2026-09-25T05:00:00+00:00,1.2346,55.25,44.75
2026-09-25T06:00:00+00:00,1.2341,55.24,44.76
2026-09-25T07:00:00+00:00,1.2311,55.18,44.82
2026-09-25T08:00:00+00:00,1.2341,55.24,44.76
2026-09-25T09:00:00+00:00,1.2462,55.48,44.52
2026-09-25T10:00:00+00:00,1.2134,54.82,45.18
2026-09-25T11:00:00+00:00,1.2095,54.74,45.26
2026-09-25T12:00:00+00:00,1.1973,54.49,45.51
2026-09-25T13:00:00+00:00,1.2302,55.16,44.84
2026-09-25T14:00:00+00:00,1.2826,56.19,43.81
2026-09-25T15:00:00+00:00,1.3202,56.9,43.1
2026-09-25T16:00:00+00:00,1.3305,57.09,42.91
2026-09-25T17:00:00+00:00,1.301,56.54,43.46
2026-09-25T18:00:00+00:00,1.3052,56.62,43.38
2026-09-25T19:00:00+00:00,1.3041,56.6,43.4
2026-09-25T20:00:00+00:00,1.3031,56.58,43.42
2026-09-25T21:00:00+00:00,1.3084,56.68,43.32
2026-09-25T22:00:00+00:00,1.3132,56.77,43.23
2026-09-25T23:00:00+00:00,1.3132,56.77,43.23
2026-09-26T00:00:00+00:00,1.3004,56.53,43.47
2026-09-26T01:00:00+00:00,1.3026,56.57,43.43
2026-09-26T02:00:00+00:00,1.3052,56.62,43.38
2026-09-26T03:00:00+00:00,1.3015,56.55,43.45
2026-09-26T04:00:00+00:00,1.3036,56.59,43.41
2026-09-26T05:00:00+00:00,1.3036,56.59,43.41
2026-09-26T06:00:00+00:00,1.2967,56.46,43.54
2026-09-26T07:00:00+00:00,1.2967,56.46,43.54
2026-09-26T08:00:00+00:00,1.2978,56.48,43.52
2026-09-26T09:00:00+00:00,1.292,56.37,43.63
2026-09-26T10:00:00+00:00,1.2962,56.45,43.55
2026-09-26T11:00:00+00:00,1.3036,56.59,43.41
2026-09-26T12:00:00+00:00,1.3036,56.59,43.41
2026-09-26T13:00:00+00:00,1.2967,56.46,43.54
2026-09-26T14:00:00+00:00,1.3047,56.61,43.39
2026-09-26T15:00:00+00:00,1.3111,56.73,43.27
2026-09-26T16:00:00+00:00,1.3079,56.67,43.33
2026-09-26T17:00:00+00:00,1.2994,56.51,43.49
2026-09-26T18:00:00+00:00,1.2941,56.41,43.59
2026-09-26T19:00:00+00:00,1.2915,56.36,43.64
2026-09-26T20:00:00+00:00,1.2878,56.29,43.71
2026-09-26T21:00:00+00:00,1.2894,56.32,43.68
2026-09-26T22:00:00+00:00,1.2852,56.24,43.76
2026-09-26T23:00:00+00:00,1.2889,56.31,43.69
2026-09-27T00:00:00+00:00,1.2883,56.3,43.7
2026-09-27T01:00:00+00:00,1.2831,56.2,43.8
2026-09-27T02:00:00+00:00,1.2779,56.1,43.9
2026-09-27T03:00:00+00:00,1.2732,56.01,43.99
2026-09-27T04:00:00+00:00,1.2732,56.01,43.99
2026-09-27T05:00:00+00:00,1.266,55.87,44.13
2026-09-27T06:00:00+00:00,1.2758,56.06,43.94
2026-09-27T07:00:00+00:00,1.2748,56.04,43.96
2026-09-27T08:00:00+00:00,1.2779,56.1,43.9
2026-09-27T09:00:00+00:00,1.2635,55.82,44.18
2026-09-27T10:00:00+00:00,1.263,55.81,44.19
2026-09-27T11:00:00+00:00,1.2336,55.23,44.77
2026-09-27T12:00:00+00:00,1.2326,55.21,44.79
2026-09-27T13:00:00+00:00,1.2247,55.05,44.95
2026-09-27T14:00:00+00:00,1.207,54.69,45.31
2026-09-27T15:00:00+00:00,1.2168,54.89,45.11
2026-09-27T16:00:00+00:00,1.2326,55.21,44.79
2026-09-27T17:00:00+00:00,1.2391,55.34,44.66
2026-09-27T18:00:00+00:00,1.2502,55.56,44.44
2026-09-27T19:00:00+00:00,1.2558,55.67,44.33
2026-09-27T20:00:00+00:00,1.1901,54.34,45.66
2026-09-27T21:00:00+00:00,1.1863,54.26,45.74
2026-09-27T22:00:00+00:00,1.1697,53.91,46.09
2026-09-27T23:00:00+00:00,1.1631,53.77,46.23
2026-09-28T00:00:00+00:00,1.1678,53.87,46.13
2026-09-28T01:00:00+00:00,1.164,53.79,46.21
2026-09-28T02:00:00+00:00,1.1697,53.91,46.09
2026-09-28T03:00:00+00:00,1.192,54.38,45.62
2026-09-28T04:00:00+00:00,1.2158,54.87,45.13
2026-09-28T05:00:00+00:00,1.2437,55.43,44.57
2026-09-28T06:00:00+00:00,1.2676,55.9,44.1
2026-09-28T07:00:00+00:00,1.2805,56.15,43.85
2026-09-28T08:00:00+00:00,1.2883,56.3,43.7
2026-09-28T09:00:00+00:00,1.3031,56.58,43.42
2026-09-28T10:00:00+00:00,1.3026,56.57,43.43
2026-09-28T11:00:00+00:00,1.3326,57.13,42.87
2026-09-28T12:00:00+00:00,1.3602,57.63,42.37
2026-09-28T13:00:00+00:00,1.3849,58.07,41.93
2026-09-28T14:00:00+00:00,1.3452,57.36,42.64
2026-09-28T15:00:00+00:00,1.3419,57.3,42.7
2026-09-28T16:00:00+00:00,1.3574,57.58,42.42
2026-09-28T17:00:00+00:00,1.343,57.32,42.68
2026-09-28T18:00:00+00:00,1.3552,57.54,42.46
2026-09-28T19:00:00+00:00,1.3485,57.42,42.58
2026-09-28T20:00:00+00:00,1.3607,57.64,42.36
2026-09-28T21:00:00+00:00,1.3646,57.71,42.29
2026-09-28T22:00:00+00:00,1.3618,57.66,42.34
2026-09-28T23:00:00+00:00,1.3725,57.85,42.15
2026-09-29T00:00:00+00:00,1.3607,57.64,42.36
2026-09-29T01:00:00+00:00,1.3691,57.79,42.21
2026-09-29T02:00:00+00:00,1.3866,58.1,41.9
2026-09-29T03:00:00+00:00,1.3929,58.21,41.79
2026-09-29T04:00:00+00:00,1.3952,58.25,41.75
2026-09-29T05:00:00+00:00,1.4015,58.36,41.64
2026-09-29T06:00:00+00:00,1.4166,58.62,41.38
2026-09-29T07:00:00+00:00,1.3321,57.12,42.88
2026-09-29T08:00:00+00:00,1.2952,56.43,43.57
2026-09-29T09:00:00+00:00,1.2584,55.72,44.28
2026-09-29T10:00:00+00:00,1.2381,55.32,44.68
2026-09-29T11:00:00+00:00,1.2202,54.96,45.04
2026-09-29T12:00:00+00:00,1.2401,55.36,44.64
2026-09-29T13:00:00+00:00,1.2297,55.15,44.85
2026-09-29T14:00:00+00:00,1.2207,54.97,45.03
2026-09-29T15:00:00+00:00,1.2406,55.37,44.63
2026-09-29T16:00:00+00:00,1.3838,58.05,41.95
2026-09-29T17:00:00+00:00,1.4172,58.63,41.37
2026-09-29T18:00:00+00:00,1.4319,58.88,41.12
2026-09-29T19:00:00+00:00,1.4096,58.5,41.5
2026-09-29T20:00:00+00:00,1.3901,58.16,41.84
2026-09-29T21:00:00+00:00,1.3929,58.21,41.79
2026-09-29T22:00:00+00:00,1.3935,58.22,41.78
2026-09-29T23:00:00+00:00,1.3872,58.11,41.89
2026-09-30T00:00:00+00:00,1.3832,58.04,41.96
2026-09-30T01:00:00+00:00,1.3714,57.83,42.17
2026-09-30T02:00:00+00:00,1.3725,57.85,42.15
2026-09-30T03:00:00+00:00,1.381,58.0,42.0
2026-09-30T04:00:00+00:00,1.3849,58.07,41.93
2026-09-30T05:00:00+00:00,1.3935,58.22,41.78
2026-09-30T06:00:00+00:00,1.3935,58.22,41.78
2026-09-30T07:00:00+00:00,1.4166,58.62,41.38
2026-09-30T08:00:00+00:00,1.416,58.61,41.39
2026-09-30T09:00:00+00:00,1.4378,58.98,41.02
2026-09-30T10:00:00+00:00,1.416,58.61,41.39
2026-09-30T11:00:00+00:00,1.3804,57.99,42.01
2026-09-30T12:00:00+00:00,1.343,57.32,42.68
2026-09-30T13:00:00+00:00,1.1777,54.08,45.92
2026-09-30T14:00:00+00:00,1.1801,54.13,45.87
2026-09-30T15:00:00+00:00,1.3057,56.63,43.37
2026-09-30T16:00:00+00:00,1.2868,56.27,43.73
2026-09-30T17:00:00+00:00,1.2738,56.02,43.98
2026-09-30T18:00:00+00:00,1.2609,55.77,44.23
2026-09-30T19:00:00+00:00,1.264,55.83,44.17
2026-09-30T20:00:00+00:00,1.3041,56.6,43.4
2026-09-30T21:00:00+00:00,1.3175,56.85,43.15
2026-09-30T22:00:00+00:00,1.3267,57.02,42.98
2026-09-30T23:00:00+00:00,1.3321,57.12,42.88
2026-10-01T00:00:00+00:00,1.3474,57.4,42.6
2026-10-01T01:00:00+00:00,1.348,57.41,42.59
2026-10-01T02:00:00+00:00,1.3674,57.76,42.24
2026-10-01T03:00:00+00:00,1.3804,57.99,42.01
2026-10-01T04:00:00+00:00,1.3952,58.25,41.75
2026-10-01T05:00:00+00:00,1.4079,58.47,41.53
2026-10-01T06:00:00+00:00,1.377,57.93,42.07
2026-10-01T07:00:00+00:00,1.3596,57.62,42.38
2026-10-01T08:00:00+00:00,1.4248,58.76,41.24
2026-10-01T09:00:00+00:00,1.4673,59.47,40.53
2026-10-01T10:00:00+00:00,1.4402,59.02,40.98
2026-10-01T11:00:00+00:00,1.4295,58.84,41.16
2026-10-01T12:00:00+00:00,1.4201,58.68,41.32
2026-10-01T13:00:00+00:00,1.3964,58.27,41.73
2026-10-01T14:00:00+00:00,1.3381,57.23,42.77
2026-10-01T15:00:00+00:00,1.2899,56.33,43.67
2026-10-01T16:00:00+00:00,1.2614,55.78,44.22
2026-10-01T17:00:00+00:00,1.1829,54.19,45.81
2026-10-01T18:00:00+00:00,1.0751,51.81,48.19
2026-10-01T19:00:00+00:00,1.0509,51.24,48.76
2026-10-01T20:00:00+00:00,1.0454,51.11,48.89
2026-10-01T21:00:00+00:00,1.0454,51.11,48.89
2026-10-01T22:00:00+00:00,1.0379,50.93,49.07
2026-10-01T23:00:00+00:00,1.0383,50.94,49.06
2026-10-02T00:00:00+00:00,1.0392,50.96,49.04
2026-10-02T01:00:00+00:00,1.0362,50.89,49.11
2026-10-02T02:00:00+00:00,1.0239,50.59,49.41
2026-10-02T03:00:00+00:00,1.0153,50.38,49.62
2026-10-02T04:00:00+00:00,0.9689,49.21,50.79
2026-10-02T05:00:00+00:00,0.9257,48.07,51.93
2026-10-02T06:00:00+00:00,0.8957,47.25,52.75
2026-10-02T07:00:00+00:00,0.9146,47.77,52.23
2026-10-02T08:00:00+00:00,0.9294,48.17,51.83
2026-10-02T09:00:00+00:00,0.9131,47.73,52.27
2026-10-02T10:00:00+00:00,0.9106,47.66,52.34
2026-10-02T11:00:00+00:00,0.9011,47.4,52.6
2026-10-02T12:00:00+00:00,0.8972,47.29,52.71
2026-10-02T13:00:00+00:00,0.8875,47.02,52.98
2026-10-02T14:00:00+00:00,0.8678,46.46,53.54
2026-10-02T15:00:00+00:00,0.8744,46.65,53.35
2026-10-02T16:00:00+00:00,0.9539,48.82,51.18
2026-10-02T17:00:00+00:00,1.019,50.47,49.53
2026-10-02T18:00:00+00:00,1.073,51.76,48.24
2026-10-02T19:00:00+00:00,1.1066,52.53,47.47
2026-10-02T20:00:00+00:00,1.1377,53.22,46.78
2026-10-02T21:00:00+00:00,1.1519,53.53,46.47
2026-10-02T22:00:00+00:00,1.164,53.79,46.21
2026-10-02T23:00:00+00:00,1.1768,54.06,45.94
2026-10-03T00:00:00+00:00,1.1882,54.3,45.7
2026-10-03T01:00:00+00:00,1.2163,54.88,45.12
2026-10-03T02:00:00+00:00,1.2247,55.05,44.95
2026-10-03T03:00:00+00:00,1.2104,54.76,45.24
2026-10-03T04:00:00+00:00,1.2104,54.76,45.24
2026-10-03T05:00:00+00:00,1.209,54.73,45.27
2026-10-03T06:00:00+00:00,1.2095,54.74,45.26
2026-10-03T07:00:00+00:00,1.2129,54.81,45.19
2026-10-03T08:00:00+00:00,1.2119,54.79,45.21
2026-10-03T09:00:00+00:00,1.2109,54.77,45.23
2026-10-03T10:00:00+00:00,1.2129,54.81,45.19
2026-10-03T11:00:00+00:00,1.2143,54.84,45.16
2026-10-03T12:00:00+00:00,1.2212,54.98,45.02
2026-10-03T13:00:00+00:00,1.2287,55.13,44.87
2026-10-03T14:00:00+00:00,1.2257,55.07,44.93
2026-10-03T15:00:00+00:00,1.2212,54.98,45.02
2026-10-03T16:00:00+00:00,1.2217,54.99,45.01
2026-10-03T17:00:00+00:00,1.2222,55.0,45.0
2026-10-03T18:00:00+00:00,1.2346,55.25,44.75
2026-10-03T19:00:00+00:00,1.2272,55.1,44.9
2026-10-03T20:00:00+00:00,1.2173,54.9,45.1
2026-10-03T21:00:00+00:00,1.2222,55.0,45.0
2026-10-03T22:00:00+00:00,1.2153,54.86,45.14
2026-10-03T23:00:00+00:00,1.2173,54.9,45.1
2026-10-04T00:00:00+00:00,1.2188,54.93,45.07
2026-10-04T01:00:00+00:00,1.2202,54.96,45.04
2026-10-04T02:00:00+00:00,1.2207,54.97,45.03
2026-10-04T03:00:00+00:00,1.2212,54.98,45.02
2026-10-04T04:00:00+00:00,1.2237,55.03,44.97
2026-10-04T05:00:00+00:00,1.2257,55.07,44.93
2026-10-04T06:00:00+00:00,1.2297,55.15,44.85
2026-10-04T07:00:00+00:00,1.2237,55.03,44.97
2026-10-04T08:00:00+00:00,1.2252,55.06,44.94
2026-10-04T09:00:00+00:00,1.2202,54.96,45.04
2026-10-04T10:00:00+00:00,1.2193,54.94,45.06
2026-10-04T11:00:00+00:00,1.209,54.73,45.27
2026-10-04T12:00:00+00:00,1.1959,54.46,45.54
2026-10-04T13:00:00+00:00,1.1725,53.97,46.03
2026-10-04T14:00:00+00:00,1.1654,53.82,46.18
2026-10-04T15:00:00+00:00,1.1441,53.36,46.64
2026-10-04T16:00:00+00:00,1.1377,53.22,46.78
2026-10-04T17:00:00+00:00,1.1327,53.11,46.89
2026-10-04T18:00:00+00:00,1.1281,53.01,46.99
2026-10-04T19:00:00+00:00,1.1263,52.97,47.03
2026-10-04T20:00:00+00:00,1.1299,53.05,46.95
2026-10-04T21:00:00+00:00,1.1173,52.77,47.23
2026-10-04T22:00:00+00:00,1.0912,52.18,47.82
2026-10-04T23:00:00+00:00,1.05,51.22,48.78
2026-10-05T00:00:00+00:00,1.0153,50.38,49.62
2026-10-05T01:00:00+00:00,0.9833,49.58,50.42
2026-10-05T02:00:00+00:00,0.9616,49.02,50.98
2026-10-05T03:00:00+00:00,0.941,48.48,51.52
2026-10-05T04:00:00+00:00,0.9124,47.71,52.29
2026-10-05T05:00:00+00:00,0.9399,48.45,51.55
2026-10-05T06:00:00+00:00,0.9936,49.84,50.16
2026-10-05T07:00:00+00:00,1.0092,50.23,49.77
2026-10-05T08:00:00+00:00,0.9897,49.74,50.26
2026-10-05T09:00:00+00:00,0.9747,49.36,50.64
2026-10-05T10:00:00+00:00,0.9841,49.6,50.4
2026-10-05T11:00:00+00:00,0.9976,49.94,50.06
2026-10-05T12:00:00+00:00,1.0016,50.04,49.96
2026-10-05T13:00:00+00:00,0.996,49.9,50.1
2026-10-05T14:00:00+00:00,0.9853,49.63,50.37
