timestamp,oi,oi_value
2026-09-15T15:00:00+00:00,2327077.75300000,5600671111.25522000
2026-09-15T16:00:00+00:00,2350408.11400000,5695720478.57506000
2026-09-15T17:00:00+00:00,2340319.74700000,5666241752.25158000
2026-09-15T18:00:00+00:00,2331932.41300000,5690247595.98062700
2026-09-15T19:00:00+00:00,2301519.42000000,5528251698.57551800
2026-09-15T20:00:00+00:00,2313099.74000000,5586691016.03760000
2026-09-15T21:00:00+00:00,2307313.12300000,5553702687.06100000
2026-09-15T22:00:00+00:00,2307418.46300000,5516320456.62175200
2026-09-15T23:00:00+00:00,2316462.24000000,5549687576.10240000
2026-09-16T00:00:00+00:00,2314780.32000000,5548945087.49760000
2026-09-16T01:00:00+00:00,2317201.88000000,5557097725.85785500
2026-09-16T02:00:00+00:00,2321049.29600000,5547028535.83725000
2026-09-16T03:00:00+00:00,2325235.12000000,5584772963.56720000
2026-09-16T04:00:00+00:00,2327200.08700000,5587161849.30215200
2026-09-16T05:00:00+00:00,2331913.36700000,5602852400.50875000
2026-09-16T06:00:00+00:00,2336770.02000000,5622549080.52240000
2026-09-16T07:00:00+00:00,2334636.31100000,5616624511.42185300
2026-09-16T08:00:00+00:00,2333212.50200000,5589490534.04124000
2026-09-16T09:00:00+00:00,2334981.02200000,5607900570.72718000
2026-09-16T10:00:00+00:00,2326261.45000000,5594030696.65850000
2026-09-16T11:00:00+00:00,2324534.43600000,5587925085.35604000
2026-09-16T12:00:00+00:00,2324245.05400000,5627823499.80682800
2026-09-16T13:00:00+00:00,2320424.04500000,5582592188.66325000
2026-09-16T14:00:00+00:00,2322212.88500000,5557032211.67615000
2026-09-16T15:00:00+00:00,2320935.47800000,5544134623.07250000
2026-09-16T16:00:00+00:00,2328460.70900000,5568863054.67985000
2026-09-16T17:00:00+00:00,2320547.15000000,5548032519.40448100
2026-09-16T18:00:00+00:00,2304434.88300000,5503798464.04897200
2026-09-16T19:00:00+00:00,2302156.54500000,5518690907.78079900
2026-09-16T20:00:00+00:00,2304674.74200000,5549605796.81861100
2026-09-16T21:00:00+00:00,2301804.70900000,5547418402.83127000
2026-09-16T22:00:00+00:00,2296548.69800000,5520007415.99978000
2026-09-16T23:00:00+00:00,2301710.92800000,5503644017.05008000
2026-09-17T00:00:00+00:00,2307460.44700000,5578262556.01803000
2026-09-17T01:00:00+00:00,2309069.16700000,5582751548.91193100
2026-09-17T02:00:00+00:00,2308850.68700000,5602472369.01924000
2026-09-17T03:00:00+00:00,2308173.80700000,5603969022.53916000
2026-09-17T04:00:00+00:00,2315670.60100000,5638125309.19677000
2026-09-17T05:00:00+00:00,2315824.81200000,5653382590.88218800
2026-09-17T06:00:00+00:00,2314676.47500000,5638413012.51150000
2026-09-17T07:00:00+00:00,2316554.67600000,5653392868.09820600
2026-09-17T08:00:00+00:00,2315620.53400000,5657940900.36492000
2026-09-17T09:00:00+00:00,2311371.38900000,5650124246.69661000
2026-09-17T10:00:00+00:00,2312497.83200000,5636567362.74259900
2026-09-17T11:00:00+00:00,2306588.45200000,5615089729.89524000
2026-09-17T12:00:00+00:00,2307379.12700000,5634181426.09987000
2026-09-17T13:00:00+00:00,2318692.51300000,5701261041.53991700
2026-09-17T14:00:00+00:00,2310802.64700000,5688221567.25521900
2026-09-17T15:00:00+00:00,2313287.83100000,5691821575.29719000
2026-09-17T16:00:00+00:00,2315962.17900000,5718061464.09378300
2026-09-17T17:00:00+00:00,2308034.00400000,5699574571.17780000
2026-09-17T18:00:00+00:00,2309232.12900000,5685098578.38510000
2026-09-17T19:00:00+00:00,2300406.43100000,5637779271.93687600
2026-09-17T20:00:00+00:00,2295319.91300000,5619117093.13820100
2026-09-17T21:00:00+00:00,2290236.56000000,5616805163.40000000
2026-09-17T22:00:00+00:00,2288366.56000000,5598053999.39360000
2026-09-17T23:00:00+00:00,2285154.45500000,5586928423.94040000
2026-09-18T00:00:00+00:00,2285408.01100000,5591095641.22269700
2026-09-18T01:00:00+00:00,2285974.77700000,5594618558.68256900
2026-09-18T02:00:00+00:00,2301061.48400000,5652558748.40454000
2026-09-18T03:00:00+00:00,2305645.54600000,5676409843.04105950
2026-09-18T04:00:00+00:00,2321454.52900000,5753028613.76780000
2026-09-18T05:00:00+00:00,2330659.21800000,5782761731.92506000
2026-09-18T06:00:00+00:00,2322100.04700000,5757554182.53462000
2026-09-18T07:00:00+00:00,2330393.72800000,5794544743.35847200
2026-09-18T08:00:00+00:00,2338565.96600000,5820667303.71434000
2026-09-18T09:00:00+00:00,2336384.55500000,5851755484.14410000
2026-09-18T10:00:00+00:00,2306409.20200000,5782888541.84207250
2026-09-18T11:00:00+00:00,2306380.03300000,5795702384.92570000
2026-09-18T12:00:00+00:00,2300304.91900000,5767577526.45789000
2026-09-18T13:00:00+00:00,2294040.74000000,5738451149.48040000
2026-09-18T14:00:00+00:00,2297860.38500000,5868848636.06778000
2026-09-18T15:00:00+00:00,2323710.07000000,5999354658.72600000
2026-09-18T16:00:00+00:00,2328905.26100000,6016517140.32001000
2026-09-18T17:00:00+00:00,2338754.97000000,6072701922.54546200
2026-09-18T18:00:00+00:00,2343876.16600000,6108000656.02604000
2026-09-18T19:00:00+00:00,2340874.11000000,6112654337.21970000
2026-09-18T20:00:00+00:00,2355809.65600000,6209540148.00412100
2026-09-18T21:00:00+00:00,2356495.48900000,6199397637.59653000
2026-09-18T22:00:00+00:00,2353916.27600000,6181083989.07476300
2026-09-18T23:00:00+00:00,2350338.61100000,6155983386.54509000
2026-09-19T00:00:00+00:00,2357864.50600000,6156737904.84190000
2026-09-19T01:00:00+00:00,2349647.45100000,6169445815.61619000
2026-09-19T02:00:00+00:00,2359967.99100000,6164236392.49200000
2026-09-19T03:00:00+00:00,2363986.18300000,6198903687.03806800
2026-09-19T04:00:00+00:00,2370212.18400000,6207869351.17337900
2026-09-19T05:00:00+00:00,2370579.21800000,6208523266.14982000
2026-09-19T06:00:00+00:00,2386548.50500000,6271419892.40910000
2026-09-19T07:00:00+00:00,2384398.25200000,6262398225.35275600
2026-09-19T08:00:00+00:00,2388338.24100000,6272380766.66656500
2026-09-19T09:00:00+00:00,2397263.69100000,6339491912.93877000
2026-09-19T10:00:00+00:00,2387635.70400000,6303382134.91704000
2026-09-19T11:00:00+00:00,2389447.17700000,6301648937.92960100
2026-09-19T12:00:00+00:00,2387359.20800000,6299159846.32694700
2026-09-19T13:00:00+00:00,2388405.60700000,6307859951.00463100
2026-09-19T14:00:00+00:00,2387003.76100000,6295282840.86441300
2026-09-19T15:00:00+00:00,2385720.82900000,6293218657.80212900
2026-09-19T16:00:00+00:00,2383305.81400000,6291927348.96000000
2026-09-19T17:00:00+00:00,2383263.79400000,6313599447.23716000
2026-09-19T18:00:00+00:00,2388247.77100000,6315374934.48270500
2026-09-19T19:00:00+00:00,2382176.03400000,6283608655.44384000
2026-09-19T20:00:00+00:00,2377661.09400000,6262069799.87874000
2026-09-19T21:00:00+00:00,2371443.03300000,6248633819.80335000
2026-09-19T22:00:00+00:00,2360836.94600000,6201729790.18632000
2026-09-19T23:00:00+00:00,2363356.23900000,6215271617.35661500
2026-09-20T00:00:00+00:00,2365446.47000000,6224910599.10890300
2026-09-20T01:00:00+00:00,2362151.87800000,6203841477.51710900
2026-09-20T02:00:00+00:00,2365298.64400000,6193936600.08348000
2026-09-20T03:00:00+00:00,2338944.94700000,6017871454.13630000
2026-09-20T04:00:00+00:00,2343356.45600000,6061536711.17064000
2026-09-20T05:00:00+00:00,2349208.01300000,6057795312.10926400
2026-09-20T06:00:00+00:00,2350309.51400000,6056888636.14884000
2026-09-20T07:00:00+00:00,2350478.34000000,6048645580.85624600
2026-09-20T08:00:00+00:00,2347561.59800000,6046191846.88096000
2026-09-20T09:00:00+00:00,2341776.10500000,6027663238.15950400
2026-09-20T10:00:00+00:00,2340865.78800000,6036718328.72592000
2026-09-20T11:00:00+00:00,2336003.44700000,6004342802.07201200
2026-09-20T12:00:00+00:00,2332750.05500000,6013596366.78450000
2026-09-20T13:00:00+00:00,2333204.18500000,6017945960.98566600
2026-09-20T14:00:00+00:00,2334812.77500000,6022812990.00675000
2026-09-20T15:00:00+00:00,2335707.57500000,6036355942.67850000
2026-09-20T16:00:00+00:00,2337992.42700000,6107453141.22408600
2026-09-20T17:00:00+00:00,2348467.20200000,6197608678.14465400
2026-09-20T18:00:00+00:00,2342616.33100000,6150462270.21136600
2026-09-20T19:00:00+00:00,2344045.69700000,6153940370.61895000
2026-09-20T20:00:00+00:00,2344482.02100000,6171293859.61573300
2026-09-20T21:00:00+00:00,2347462.93800000,6182513139.81060000
2026-09-20T22:00:00+00:00,2335403.39100000,6141503713.44834000
2026-09-20T23:00:00+00:00,2344386.25100000,6185417338.69981200
2026-09-21T00:00:00+00:00,2346233.52800000,6203437446.69495400
2026-09-21T01:00:00+00:00,2366670.41100000,6364166068.81188000
2026-09-21T02:00:00+00:00,2364947.54900000,6263965624.60983000
2026-09-21T03:00:00+00:00,2369408.92700000,6304404802.51525000
2026-09-21T04:00:00+00:00,2375886.71400000,6331738092.81000000
2026-09-21T05:00:00+00:00,2378850.48200000,6335021453.95458400
2026-09-21T06:00:00+00:00,2385794.91400000,6356497247.31934000
2026-09-21T07:00:00+00:00,2393409.41400000,6371279794.16214000
2026-09-21T08:00:00+00:00,2390216.54000000,6359018815.87140300
2026-09-21T09:00:00+00:00,2402214.43200000,6476019552.96742900
2026-09-21T10:00:00+00:00,2392152.84100000,6507022386.80395600
2026-09-21T11:00:00+00:00,2405717.43500000,6531083372.98787800
2026-09-21T12:00:00+00:00,2421565.02100000,6596608304.79934900
2026-09-21T13:00:00+00:00,2415245.03900000,6604101119.93926000
2026-09-21T14:00:00+00:00,2407083.29400000,6573238988.42226000
2026-09-21T15:00:00+00:00,2388976.17700000,6535163780.99235000
2026-09-21T16:00:00+00:00,2386797.24500000,6573215744.75755000
2026-09-21T17:00:00+00:00,2381345.89900000,6556528798.52098000
2026-09-21T18:00:00+00:00,2371502.98400000,6502479572.92750100
2026-09-21T19:00:00+00:00,2380090.46900000,6561191502.87352400
2026-09-21T20:00:00+00:00,2376125.66400000,6560341422.26407200
2026-09-21T21:00:00+00:00,2326027.97900000,6474262480.85702000
2026-09-21T22:00:00+00:00,2319007.93600000,6417251520.81664000
2026-09-21T23:00:00+00:00,2317330.33300000,6436883872.62647100
2026-09-22T00:00:00+00:00,2328934.44200000,6462319021.03604600
2026-09-22T01:00:00+00:00,2326523.04800000,6406686108.66048000
2026-09-22T02:00:00+00:00,2323599.03800000,6385226920.43362000
2026-09-22T03:00:00+00:00,2321332.80200000,6357931220.92991600
2026-09-22T04:00:00+00:00,2322084.53100000,6361425203.37994700
2026-09-22T05:00:00+00:00,2316480.73300000,6320332361.53186000
2026-09-22T06:00:00+00:00,2317174.82600000,6331309464.07284000
2026-09-22T07:00:00+00:00,2316511.00800000,6323392884.24212700
2026-09-22T08:00:00+00:00,2312704.94700000,6303207951.90009000
2026-09-22T09:00:00+00:00,2332448.29600000,6409614114.34544000
2026-09-22T10:00:00+00:00,2329047.87700000,6404532304.56845000
2026-09-22T11:00:00+00:00,2335408.10100000,6402674552.48585900
2026-09-22T12:00:00+00:00,2337052.82400000,6406595207.23557950
2026-09-22T13:00:00+00:00,2334963.44900000,6434318678.60236000
2026-09-22T14:00:00+00:00,2341785.79700000,6458785680.80388300
2026-09-22T15:00:00+00:00,2327423.78300000,6381796012.98600000
2026-09-22T16:00:00+00:00,2320981.69100000,6366174260.61008000
2026-09-22T17:00:00+00:00,2311029.10800000,6343777950.10026800
2026-09-22T18:00:00+00:00,2315181.46800000,6373011943.87401900
2026-09-22T19:00:00+00:00,2313562.65000000,6365212376.43900000
2026-09-22T20:00:00+00:00,2312888.40100000,6361181260.99066400
2026-09-22T21:00:00+00:00,2313863.90800000,6363010053.80460000
2026-09-22T22:00:00+00:00,2311726.92100000,6348712559.34274800
2026-09-22T23:00:00+00:00,2319024.35800000,6381893695.92615000
2026-09-23T00:00:00+00:00,2310500.28000000,6360044805.74760000
2026-09-23T01:00:00+00:00,2318521.54900000,6397473324.94021000
2026-09-23T02:00:00+00:00,2326653.14200000,6405746552.16942900
2026-09-23T03:00:00+00:00,2327069.22800000,6427034691.74320700
2026-09-23T04:00:00+00:00,2337515.14700000,6481929502.63100000
2026-09-23T05:00:00+00:00,2345893.00000000,6517674273.15993500
2026-09-23T06:00:00+00:00,2336875.43600000,6441127173.75027300
2026-09-23T07:00:00+00:00,2341365.42100000,6445802417.66721000
2026-09-23T08:00:00+00:00,2357934.84100000,6465410175.32518000
2026-09-23T09:00:00+00:00,2360054.04500000,6452104552.54460000
2026-09-23T10:00:00+00:00,2372760.45700000,6483531584.82229500
2026-09-23T11:00:00+00:00,2369344.51100000,6484901234.67320200
2026-09-23T12:00:00+00:00,2348035.73600000,6402647325.28216000
2026-09-23T13:00:00+00:00,2341128.89300000,6370594619.45665900
2026-09-23T14:00:00+00:00,2353071.49600000,6388542050.21008000
2026-09-23T15:00:00+00:00,2330466.08500000,6234037876.68251700
2026-09-23T16:00:00+00:00,2322723.80200000,6167249784.59436000
2026-09-23T17:00:00+00:00,2312327.54500000,6150338860.13352100
2026-09-23T18:00:00+00:00,2307873.37200000,6155127068.92854500
2026-09-23T19:00:00+00:00,2302812.38400000,6143521459.27407600
2026-09-23T20:00:00+00:00,2312654.34100000,6192409516.54842000
2026-09-23T21:00:00+00:00,2310078.55800000,6167886649.07442000
2026-09-23T22:00:00+00:00,2304510.47000000,6168621445.67720000
2026-09-23T23:00:00+00:00,2300704.32200000,6186294830.29614000
2026-09-24T00:00:00+00:00,2297741.38900000,6166442402.72627800
2026-09-24T01:00:00+00:00,2295965.57100000,6157254330.26436900
2026-09-24T02:00:00+00:00,2290134.06300000,6123877023.38033100
2026-09-24T03:00:00+00:00,2288091.73100000,6142931393.88494000
2026-09-24T04:00:00+00:00,2285801.82100000,6115594198.03087000
2026-09-24T05:00:00+00:00,2279717.57900000,6111434987.40490500
2026-09-24T06:00:00+00:00,2272390.19300000,6094421488.92186500
2026-09-24T07:00:00+00:00,2273479.07000000,6103889123.22936900
2026-09-24T08:00:00+00:00,2286484.52200000,6155602554.13968300
2026-09-24T09:00:00+00:00,2281729.79700000,6087860454.07773000
2026-09-24T10:00:00+00:00,2274242.85200000,6006980387.41612000
2026-09-24T11:00:00+00:00,2276308.68100000,6025958155.77725000
2026-09-24T12:00:00+00:00,2280363.84600000,6035263350.15079500
2026-09-24T13:00:00+00:00,2279510.57200000,6035459858.75670300
2026-09-24T14:00:00+00:00,2275779.41600000,6073753676.42677500
2026-09-24T15:00:00+00:00,2288991.22100000,6080911187.79639000
2026-09-24T16:00:00+00:00,2291638.76500000,6147458485.43840000
2026-09-24T17:00:00+00:00,2283587.35900000,6134566840.19442500
2026-09-24T18:00:00+00:00,2283318.68800000,6093287083.98368000
2026-09-24T19:00:00+00:00,2276463.97800000,6121592518.65982700
2026-09-24T20:00:00+00:00,2275658.46300000,6133559498.73927000
2026-09-24T21:00:00+00:00,2274369.19100000,6110828545.97751300
2026-09-24T22:00:00+00:00,2271392.21500000,6099884522.30145900
2026-09-24T23:00:00+00:00,2271672.49800000,6097543956.32196000
2026-09-25T00:00:00+00:00,2269582.54300000,6097551243.32552000
2026-09-25T01:00:00+00:00,2267979.36200000,6099594415.33728000
2026-09-25T02:00:00+00:00,2268171.12100000,6097864650.25245000
2026-09-25T03:00:00+00:00,2270867.07300000,6075682145.14077000
2026-09-25T04:00:00+00:00,2271533.10400000,6082490795.88210300
2026-09-25T05:00:00+00:00,2272645.73900000,6088440661.23839000
2026-09-25T06:00:00+00:00,2273758.26000000,6091080052.38360000
2026-09-25T07:00:00+00:00,2277869.06200000,6089239677.62598200
2026-09-25T08:00:00+00:00,2282641.71800000,6097324077.87006000
2026-09-25T09:00:00+00:00,2284405.35000000,6144570666.37650000
2026-09-25T10:00:00+00:00,2285999.02300000,6179581138.94429000
2026-09-25T11:00:00+00:00,2283457.55500000,6195094829.17289700
2026-09-25T12:00:00+00:00,2280201.48900000,6193684684.54083250
2026-09-25T13:00:00+00:00,2281439.52500000,6197165439.33850000
2026-09-25T14:00:00+00:00,2284939.31400000,6155923554.02682000
2026-09-25T15:00:00+00:00,2288387.50900000,6166372268.41572600
2026-09-25T16:00:00+00:00,2283944.16700000,6134202435.63955700
2026-09-25T17:00:00+00:00,2273295.90500000,6098116265.16250000
2026-09-25T18:00:00+00:00,2266369.72300000,6084182839.87965000
2026-09-25T19:00:00+00:00,2270925.55300000,6114171831.13061000
2026-09-25T20:00:00+00:00,2270288.92400000,6112117968.53720900
2026-09-25T21:00:00+00:00,2262095.38900000,6070124512.89044300
2026-09-25T22:00:00+00:00,2264293.33100000,6068710751.02244700
2026-09-25T23:00:00+00:00,2263510.26700000,6091241939.11302000
2026-09-26T00:00:00+00:00,2265003.85100000,6094217359.87139700
2026-09-26T01:00:00+00:00,2263701.57100000,6080189234.62745000
2026-09-26T02:00:00+00:00,2259995.32700000,6083139021.87282000
2026-09-26T03:00:00+00:00,2265819.01400000,6095078036.54896000
2026-09-26T04:00:00+00:00,2264321.86500000,6083961132.63120000
2026-09-26T05:00:00+00:00,2263201.34400000,6084264771.49229200
2026-09-26T06:00:00+00:00,2263471.05500000,6077668764.49105000
2026-09-26T07:00:00+00:00,2263061.72500000,6074895002.73825000
2026-09-26T08:00:00+00:00,2263167.55900000,6087287046.79348000
2026-09-26T09:00:00+00:00,2264816.52400000,6091836647.82792600
2026-09-26T10:00:00+00:00,2266464.16800000,6076730404.03320000
2026-09-26T11:00:00+00:00,2264898.85300000,6083845893.99314700
2026-09-26T12:00:00+00:00,2263168.80000000,6083696332.31987100
2026-09-26T13:00:00+00:00,2265217.66900000,6089283982.66614400
2026-09-26T14:00:00+00:00,2268092.38000000,6091007448.33760000
2026-09-26T15:00:00+00:00,2268944.66000000,6097834152.64320000
2026-09-26T16:00:00+00:00,2271850.59900000,6115799094.00201000
2026-09-26T17:00:00+00:00,2273051.97900000,6115328122.22244000
2026-09-26T18:00:00+00:00,2271436.81300000,6108870307.98659000
2026-09-26T19:00:00+00:00,2269931.50800000,6092132978.43072000
2026-09-26T20:00:00+00:00,2273192.19600000,6099572176.59707000
2026-09-26T21:00:00+00:00,2282685.29300000,6107374401.99486700
2026-09-26T22:00:00+00:00,2259626.66500000,6067097595.52500000
2026-09-26T23:00:00+00:00,2265935.82600000,6090427631.83932000
2026-09-27T00:00:00+00:00,2272700.28200000,6125975572.60835700
2026-09-27T01:00:00+00:00,2272829.06600000,6119478618.75170000
2026-09-27T02:00:00+00:00,2272733.77700000,6137459143.18948650
2026-09-27T03:00:00+00:00,2275313.38100000,6136520188.55700000
2026-09-27T04:00:00+00:00,2276542.48800000,6136816730.10885500
2026-09-27T05:00:00+00:00,2273828.35900000,6119190450.03926000
2026-09-27T06:00:00+00:00,2278353.65000000,6161101156.79350000
2026-09-27T07:00:00+00:00,2284100.53700000,6180917376.10963400
2026-09-27T08:00:00+00:00,2287096.95300000,6214156776.14865000
2026-09-27T09:00:00+00:00,2292746.23600000,6221461109.48414700
2026-09-27T10:00:00+00:00,2294658.70300000,6230319630.86342000
2026-09-27T11:00:00+00:00,2303633.72300000,6240935373.33991000
2026-09-27T12:00:00+00:00,2304192.27800000,6241688210.33752000
2026-09-27T13:00:00+00:00,2305311.44900000,6238922060.83647000
2026-09-27T14:00:00+00:00,2298686.72000000,6225992981.12000000
2026-09-27T15:00:00+00:00,2286950.72700000,6144403064.90314700
2026-09-27T16:00:00+00:00,2291635.25200000,6161817614.63516000
2026-09-27T17:00:00+00:00,2293723.67100000,6159901905.56411400
2026-09-27T18:00:00+00:00,2295310.52300000,6174418366.45699400
2026-09-27T19:00:00+00:00,2296224.02400000,6193400144.19146900
2026-09-27T20:00:00+00:00,2294025.11100000,6171913979.38773000
2026-09-27T21:00:00+00:00,2291445.03900000,6152186212.95915000
2026-09-27T22:00:00+00:00,2284747.73400000,6129861157.14958300
2026-09-27T23:00:00+00:00,2286339.81800000,6114221394.88832000
2026-09-28T00:00:00+00:00,2284212.13900000,6138477491.74165000
2026-09-28T01:00:00+00:00,2288020.26000000,6114917186.47080000
2026-09-28T02:00:00+00:00,2290673.05600000,6083811159.24439600
2026-09-28T03:00:00+00:00,2295905.45600000,6088052497.67520000
2026-09-28T04:00:00+00:00,2296512.38500000,6087457239.41490000
2026-09-28T05:00:00+00:00,2297587.20600000,6105730832.64294000
2026-09-28T06:00:00+00:00,2288700.73700000,6065699725.56584500
2026-09-28T07:00:00+00:00,2290451.34100000,6066174663.80360300
2026-09-28T08:00:00+00:00,2296408.87000000,6068956902.76716000
2026-09-28T09:00:00+00:00,2296537.55100000,6084756491.28413200
2026-09-28T10:00:00+00:00,2291271.05300000,6048703540.10417000
2026-09-28T11:00:00+00:00,2288790.39000000,6077425122.56700000
2026-09-28T12:00:00+00:00,2279420.51200000,6081174807.14432000
2026-09-28T13:00:00+00:00,2273030.30900000,6113087713.02460000
2026-09-28T14:00:00+00:00,2272106.93200000,6111081525.37652000
2026-09-28T15:00:00+00:00,2256983.45900000,6018562371.10776000
2026-09-28T16:00:00+00:00,2265870.03400000,6066640429.03160000
2026-09-28T17:00:00+00:00,2272568.38600000,6104277764.58302000
2026-09-28T18:00:00+00:00,2270952.97000000,6119196325.31350000
2026-09-28T19:00:00+00:00,2261091.36000000,6101651362.53939150
2026-09-28T20:00:00+00:00,2248128.16000000,6007717844.53120000
2026-09-28T21:00:00+00:00,2250800.36400000,6036556544.23344000
2026-09-28T22:00:00+00:00,2249856.56200000,6015036515.63824000
2026-09-28T23:00:00+00:00,2248087.82600000,6039510425.42726000
2026-09-29T00:00:00+00:00,2254622.48600000,6059388116.02444000
2026-09-29T01:00:00+00:00,2257425.81100000,6041114484.74316800
2026-09-29T02:00:00+00:00,2253478.71700000,6004289595.32200200
2026-09-29T03:00:00+00:00,2257199.89300000,5996462205.25286000
2026-09-29T04:00:00+00:00,2265731.43500000,6036343195.86451100
2026-09-29T05:00:00+00:00,2264643.98000000,6039647074.90999100
2026-09-29T06:00:00+00:00,2264882.93300000,6059218661.82557000
2026-09-29T07:00:00+00:00,2292061.46100000,6201635741.11560900
2026-09-29T08:00:00+00:00,2325740.94200000,6306223306.82358000
2026-09-29T09:00:00+00:00,2329252.74100000,6307394872.77209700
2026-09-29T10:00:00+00:00,2321361.78500000,6306327493.22025000
2026-09-29T11:00:00+00:00,2324920.89400000,6310719352.97559700
2026-09-29T12:00:00+00:00,2319574.44700000,6335065904.60152200
2026-09-29T13:00:00+00:00,2332853.93400000,6382291778.25522000
2026-09-29T14:00:00+00:00,2336610.15700000,6370884423.56835000
2026-09-29T15:00:00+00:00,2326420.50400000,6303971432.30392000
2026-09-29T16:00:00+00:00,2279583.26600000,6092763490.06807500
2026-09-29T17:00:00+00:00,2283447.19700000,6107304219.94603600
2026-09-29T18:00:00+00:00,2287202.94800000,6112298286.20572000
2026-09-29T19:00:00+00:00,2280121.61700000,6144631342.00479000
2026-09-29T20:00:00+00:00,2275277.68900000,6116993055.76894000
2026-09-29T21:00:00+00:00,2274346.88200000,6113831057.78594000
2026-09-29T22:00:00+00:00,2264271.16100000,6064352165.08308000
2026-09-29T23:00:00+00:00,2255861.91700000,6047221365.04439000
2026-09-30T00:00:00+00:00,2257043.32700000,6041969563.77938000
2026-09-30T01:00:00+00:00,2267098.49100000,6056394921.81213000
2026-09-30T02:00:00+00:00,2272471.44400000,6069850180.26291800
2026-09-30T03:00:00+00:00,2269959.26900000,6068486410.15191000
2026-09-30T04:00:00+00:00,2271022.88600000,6065823135.63050700
2026-09-30T05:00:00+00:00,2272638.92700000,6064971966.83530800
2026-09-30T06:00:00+00:00,2277024.25600000,6088853941.51424000
2026-09-30T07:00:00+00:00,2291177.68200000,6096273929.15832000
2026-09-30T08:00:00+00:00,2288919.09800000,6119516765.26692000
2026-09-30T09:00:00+00:00,2288392.25800000,6110350587.69870000
2026-09-30T10:00:00+00:00,2277432.58000000,6120417864.14360000
2026-09-30T11:00:00+00:00,2273382.99400000,6125035097.71882800
2026-09-30T12:00:00+00:00,2271527.69900000,6125173753.60253050
2026-09-30T13:00:00+00:00,2305283.62400000,6293847000.33022800
2026-09-30T14:00:00+00:00,2310709.98500000,6259228100.26815000
2026-09-30T15:00:00+00:00,2303110.22800000,6164691459.61271600
2026-09-30T16:00:00+00:00,2320897.89500000,6225551901.23813800
2026-09-30T17:00:00+00:00,2314519.48100000,6237028226.22994000
2026-09-30T18:00:00+00:00,2309897.94800000,6194661217.96692000
2026-09-30T19:00:00+00:00,2309251.90300000,6184199688.75303000
2026-09-30T20:00:00+00:00,2292992.96900000,6118874667.70619000
2026-09-30T21:00:00+00:00,2292515.13000000,6146980171.60666750
2026-09-30T22:00:00+00:00,2286839.12600000,6135584730.46486700
2026-09-30T23:00:00+00:00,2285933.42900000,6139308550.93101000
2026-10-01T00:00:00+00:00,2284145.95900000,6132330886.22516000
2026-10-01T01:00:00+00:00,2286485.94200000,6136206660.45281100
2026-10-01T02:00:00+00:00,2288581.79700000,6152623303.05480000
2026-10-01T03:00:00+00:00,2291436.32400000,6154709488.40808300
2026-10-01T04:00:00+00:00,2294293.64000000,6183304903.29120000
2026-10-01T05:00:00+00:00,2303396.22500000,6233235380.47982700
2026-10-01T06:00:00+00:00,2309330.89200000,6274428940.25508000
2026-10-01T07:00:00+00:00,2312597.33800000,6277058233.05286500
2026-10-01T08:00:00+00:00,2300549.84500000,6156276218.16910400
2026-10-01T09:00:00+00:00,2308404.74800000,6199890388.13092000
2026-10-01T10:00:00+00:00,2300851.52100000,6189888812.88546000
2026-10-01T11:00:00+00:00,2300391.10300000,6213126330.09270000
2026-10-01T12:00:00+00:00,2304202.43500000,6234342276.23340000
2026-10-01T13:00:00+00:00,2298883.32500000,6188448029.83324700
2026-10-01T14:00:00+00:00,2286137.96300000,6166239897.94249000
2026-10-01T15:00:00+00:00,2294078.12900000,6167606109.03521000
2026-10-01T16:00:00+00:00,2300953.18200000,6169200623.91930000
2026-10-01T17:00:00+00:00,2294904.37800000,6148048828.66200000
2026-10-01T18:00:00+00:00,2298428.07100000,6206027558.54762700
2026-10-01T19:00:00+00:00,2301107.59000000,6211770905.97730000
2026-10-01T20:00:00+00:00,2300900.87000000,6210200475.15610000
2026-10-01T21:00:00+00:00,2299556.03800000,6202796020.92904000
2026-10-01T22:00:00+00:00,2291553.98400000,6169665368.82240000
2026-10-01T23:00:00+00:00,2292903.53900000,6194920923.59942000
2026-10-02T00:00:00+00:00,2291456.22900000,6198526586.81874000
2026-10-02T01:00:00+00:00,2294775.70800000,6212393848.94052000
2026-10-02T02:00:00+00:00,2305194.40600000,6258432906.94507200
2026-10-02T03:00:00+00:00,2321420.72900000,6314705452.81851000
2026-10-02T04:00:00+00:00,2329938.15700000,6334176122.91042600
2026-10-02T05:00:00+00:00,2352341.13800000,6450170623.07122500
2026-10-02T06:00:00+00:00,2337256.57300000,6355967521.47170400
2026-10-02T07:00:00+00:00,2347412.03900000,6404561636.60565000
2026-10-02T08:00:00+00:00,2354897.27700000,6445165455.36684000
2026-10-02T09:00:00+00:00,2373961.99400000,6534662743.16416000
2026-10-02T10:00:00+00:00,2369352.53000000,6506160906.08308000
2026-10-02T11:00:00+00:00,2356693.57500000,6462407286.68625000
2026-10-02T12:00:00+00:00,2360295.52100000,6479924090.60130000
2026-10-02T13:00:00+00:00,2367221.19900000,6519066787.71411000
2026-10-02T14:00:00+00:00,2378508.53800000,6525421690.39177500
2026-10-02T15:00:00+00:00,2309246.53900000,6253878384.45441000
2026-10-02T16:00:00+00:00,2294222.27800000,6185292088.15634000
2026-10-02T17:00:00+00:00,2293728.33600000,6167495988.15748300
2026-10-02T18:00:00+00:00,2307932.48200000,6192713673.67686000
2026-10-02T19:00:00+00:00,2303893.51200000,6136727866.00850600
2026-10-02T20:00:00+00:00,2303773.16700000,6143448866.70723000
2026-10-02T21:00:00+00:00,2301211.17800000,6122018630.41536400
2026-10-02T22:00:00+00:00,2302564.85900000,6135414323.29140000
2026-10-02T23:00:00+00:00,2304260.43000000,6144540862.63800000
2026-10-03T00:00:00+00:00,2304861.23500000,6147733323.50315000
2026-10-03T01:00:00+00:00,2306764.16600000,6170559542.58751000
2026-10-03T02:00:00+00:00,2310373.58300000,6188007175.00560300
2026-10-03T03:00:00+00:00,2308314.97500000,6176726098.56139200
2026-10-03T04:00:00+00:00,2310406.09900000,6193598045.83326000
2026-10-03T05:00:00+00:00,2310013.16800000,6178407419.39616000
2026-10-03T06:00:00+00:00,2312988.79900000,6190275052.65169000
2026-10-03T07:00:00+00:00,2319238.04700000,6212464684.53405200
2026-10-03T08:00:00+00:00,2323176.85300000,6227368049.31356600
2026-10-03T09:00:00+00:00,2322661.91900000,6230865770.38616000
2026-10-03T10:00:00+00:00,2321623.17100000,6220789286.69450000
2026-10-03T11:00:00+00:00,2325059.74400000,6236182242.96704000
2026-10-03T12:00:00+00:00,2327237.71300000,6244397686.76734000
2026-10-03T13:00:00+00:00,2326593.28000000,6238457423.19360000
2026-10-03T14:00:00+00:00,2328021.19500000,6240167692.34970000
2026-10-03T15:00:00+00:00,2326837.73800000,6241369938.14692000
2026-10-03T16:00:00+00:00,2327019.74100000,6237460064.76345000
2026-10-03T17:00:00+00:00,2326694.07700000,6236259153.19284900
2026-10-03T18:00:00+00:00,2323542.68700000,6244985679.84990000
2026-10-03T19:00:00+00:00,2324090.54000000,6237835768.45460000
2026-10-03T20:00:00+00:00,2322160.99300000,6233376753.50990000
2026-10-03T21:00:00+00:00,2320696.38700000,6232647818.65876200
2026-10-03T22:00:00+00:00,2315886.20600000,6215954371.21430000
2026-10-03T23:00:00+00:00,2319553.34900000,6228487848.26829000
2026-10-04T00:00:00+00:00,2316863.87300000,6223159187.60750200
2026-10-04T01:00:00+00:00,2317590.19200000,6239416314.90240000
2026-10-04T02:00:00+00:00,2318037.18500000,6243934502.63155000
2026-10-04T03:00:00+00:00,2318572.16200000,6240436974.02300000
2026-10-04T04:00:00+00:00,2318549.15600000,6244525256.36324000
2026-10-04T05:00:00+00:00,2317536.49600000,6237046919.49504000
2026-10-04T06:00:00+00:00,2314536.02500000,6234383675.99311500
2026-10-04T07:00:00+00:00,2314118.16000000,6236850891.05161700
2026-10-04T08:00:00+00:00,2303889.18400000,6232688370.58336000
2026-10-04T09:00:00+00:00,2300884.12000000,6210592666.26950200
2026-10-04T10:00:00+00:00,2302349.91600000,6217541995.15632000
2026-10-04T11:00:00+00:00,2304481.73300000,6222238948.00398000
2026-10-04T12:00:00+00:00,2305784.79400000,6223105638.37454000
2026-10-04T13:00:00+00:00,2288875.92600000,6166610012.45081800
2026-10-04T14:00:00+00:00,2287687.26100000,6172225983.92322000
2026-10-04T15:00:00+00:00,2287864.95500000,6168930428.71335000
2026-10-04T16:00:00+00:00,2285651.46200000,6165624533.05681900
2026-10-04T17:00:00+00:00,2284010.68400000,6171672171.12171500
2026-10-04T18:00:00+00:00,2283783.74200000,6168499887.14200000
2026-10-04T19:00:00+00:00,2282777.08800000,6163247899.21036900
2026-10-04T20:00:00+00:00,2283752.75700000,6167350643.77522700
2026-10-04T21:00:00+00:00,2284983.78000000,6180670392.70503600
2026-10-04T22:00:00+00:00,2282655.48800000,6166091616.62464000
2026-10-04T23:00:00+00:00,2278912.70600000,6221408898.25294000
2026-10-05T00:00:00+00:00,2287297.22600000,6235208639.79378100
2026-10-05T01:00:00+00:00,2292062.99300000,6253302328.70409500
2026-10-05T02:00:00+00:00,2296094.49800000,6254216998.37730000
2026-10-05T03:00:00+00:00,2341951.15000000,6393760834.61500000
2026-10-05T04:00:00+00:00,2335199.13600000,6341453196.99058300
2026-10-05T05:00:00+00:00,2325224.99300000,6281409300.59006000
2026-10-05T06:00:00+00:00,2322014.86200000,6281352063.64206000
2026-10-05T07:00:00+00:00,2320910.55400000,6324225959.48906000
2026-10-05T08:00:00+00:00,2322869.03000000,6330322962.86802800
2026-10-05T09:00:00+00:00,2326252.87200000,6327870429.60792400
2026-10-05T10:00:00+00:00,2327436.57200000,6321969411.79216000
2026-10-05T11:00:00+00:00,2328252.93400000,6324622786.27872000
2026-10-05T12:00:00+00:00,2329457.03800000,6329639578.23508600
2026-10-05T13:00:00+00:00,2333674.50900000,6324281256.13509000
2026-10-05T14:00:00+00:00,2337515.37500000,6362374161.99659100
