timestamp,rate
2025-08-31T16:00:00.001000+00:00,0.00010000
2025-09-01T00:00:00+00:00,0.00004660
2025-09-01T08:00:00+00:00,0.00010000
2025-09-01T16:00:00.001000+00:00,0.00004963
2025-09-02T00:00:00+00:00,0.00006946
2025-09-02T08:00:00.005000+00:00,0.00008805
2025-09-02T16:00:00.007000+00:00,0.00006356
2025-09-03T00:00:00.006000+00:00,0.00000767
2025-09-03T08:00:00.002000+00:00,0.00005127
2025-09-03T16:00:00.002000+00:00,0.00002344
2025-09-04T00:00:00.002000+00:00,0.00001808
2025-09-04T08:00:00+00:00,0.00004385
2025-09-04T16:00:00+00:00,0.00007941
2025-09-05T00:00:00.001000+00:00,0.00007532
2025-09-05T08:00:00.006000+00:00,0.00010000
2025-09-05T16:00:00+00:00,0.00007872
2025-09-06T00:00:00+00:00,0.00001297
2025-09-06T08:00:00.005000+00:00,0.00005660
2025-09-06T16:00:00+00:00,0.00005110
2025-09-07T00:00:00+00:00,0.00001970
2025-09-07T08:00:00+00:00,0.00003611
2025-09-07T16:00:00+00:00,0.00006969
2025-09-08T00:00:00.007000+00:00,0.00009404
2025-09-08T08:00:00+00:00,0.00006682
2025-09-08T16:00:00+00:00,0.00007311
2025-09-09T00:00:00+00:00,0.00003799
2025-09-09T08:00:00+00:00,0.00010000
2025-09-09T16:00:00+00:00,0.00010000
2025-09-10T00:00:00+00:00,0.00005805
2025-09-10T08:00:00.002000+00:00,0.00005026
2025-09-10T16:00:00+00:00,0.00010000
2025-09-11T00:00:00+00:00,0.00005843
2025-09-11T08:00:00+00:00,0.00004283
2025-09-11T16:00:00.001000+00:00,0.00003326
2025-09-12T00:00:00.002000+00:00,0.00006137
2025-09-12T08:00:00.001000+00:00,0.00003768
2025-09-12T16:00:00.005000+00:00,0.00006891
2025-09-13T00:00:00.005000+00:00,-0.00001554
2025-09-13T08:00:00.002000+00:00,0.00002251
2025-09-13T16:00:00+00:00,0.00003137
2025-09-14T00:00:00.006000+00:00,0.00008182
2025-09-14T08:00:00+00:00,0.00004780
2025-09-14T16:00:00.001000+00:00,0.00003115
2025-09-15T00:00:00.006000+00:00,0.00006207
2025-09-15T08:00:00.002000+00:00,0.00008259
2025-09-15T16:00:00.001000+00:00,0.00008189
2025-09-16T00:00:00.001000+00:00,0.00000997
2025-09-16T08:00:00+00:00,0.00006991
2025-09-16T16:00:00+00:00,0.00006472
2025-09-17T00:00:00.001000+00:00,0.00006972
2025-09-17T08:00:00+00:00,0.00008441
2025-09-17T16:00:00.003000+00:00,0.00006303
2025-09-18T00:00:00.006000+00:00,0.00004941
2025-09-18T08:00:00.002000+00:00,0.00008928
2025-09-18T16:00:00+00:00,0.00004208
2025-09-19T00:00:00+00:00,-0.00000231
2025-09-19T08:00:00.005000+00:00,0.00002109
2025-09-19T16:00:00+00:00,0.00005264
2025-09-20T00:00:00+00:00,0.00003757
2025-09-20T08:00:00+00:00,-0.00000027
2025-09-20T16:00:00.002000+00:00,-0.00001006
2025-09-21T00:00:00+00:00,-0.00005322
2025-09-21T08:00:00+00:00,0.00002563
2025-09-21T16:00:00+00:00,0.00003742
2025-09-22T00:00:00.005000+00:00,0.00006665
2025-09-22T08:00:00.003000+00:00,0.00001743
2025-09-22T16:00:00+00:00,0.00004838
2025-09-23T00:00:00+00:00,0.00007062
2025-09-23T08:00:00.001000+00:00,0.00007083
2025-09-23T16:00:00+00:00,0.00007478
2025-09-24T00:00:00.003000+00:00,0.00005794
2025-09-24T08:00:00.001000+00:00,0.00006267
2025-09-24T16:00:00.002000+00:00,0.00004886
2025-09-25T00:00:00+00:00,-0.00000220
2025-09-25T08:00:00.001000+00:00,0.00001730
2025-09-25T16:00:00+00:00,0.00009560
2025-09-26T00:00:00+00:00,0.00003143
2025-09-26T08:00:00+00:00,0.00004360
2025-09-26T16:00:00.008000+00:00,0.00007716
2025-09-27T00:00:00+00:00,-0.00000010
2025-09-27T08:00:00.010000+00:00,0.00003425
2025-09-27T16:00:00.003000+00:00,0.00007821
2025-09-28T00:00:00+00:00,0.00003314
2025-09-28T08:00:00+00:00,0.00004976
2025-09-28T16:00:00+00:00,0.00005261
2025-09-29T00:00:00+00:00,0.00002312
2025-09-29T08:00:00.002000+00:00,0.00001304
2025-09-29T16:00:00.001000+00:00,0.00000032
2025-09-30T00:00:00.002000+00:00,0.00002353
2025-09-30T08:00:00.005000+00:00,0.00005893
2025-09-30T16:00:00+00:00,0.00002584
2025-10-01T00:00:00+00:00,0.00003355
2025-10-01T08:00:00+00:00,0.00003457
2025-10-01T16:00:00+00:00,0.00010000
2025-10-02T00:00:00+00:00,0.00007784
2025-10-02T08:00:00.013000+00:00,0.00010000
2025-10-02T16:00:00+00:00,0.00009543
2025-10-03T00:00:00.006000+00:00,0.00009926
2025-10-03T08:00:00.006000+00:00,0.00010000
2025-10-03T16:00:00+00:00,0.00010000
2025-10-04T00:00:00.001000+00:00,0.00010000
2025-10-04T08:00:00+00:00,0.00010000
2025-10-04T16:00:00+00:00,0.00008312
2025-10-05T00:00:00+00:00,0.00008648
2025-10-05T08:00:00.003000+00:00,0.00010000
2025-10-05T16:00:00.009000+00:00,0.00009566
2025-10-06T00:00:00.004000+00:00,0.00007672
2025-10-06T08:00:00.002000+00:00,0.00009708
2025-10-06T16:00:00.004000+00:00,0.00005831
2025-10-07T00:00:00+00:00,0.00010000
2025-10-07T08:00:00.003000+00:00,0.00008608
2025-10-07T16:00:00+00:00,0.00006194
2025-10-08T00:00:00+00:00,0.00002542
2025-10-08T08:00:00.006000+00:00,0.00010000
2025-10-08T16:00:00.002000+00:00,0.00005396
2025-10-09T00:00:00.001000+00:00,0.00001344
2025-10-09T08:00:00+00:00,0.00005350
2025-10-09T16:00:00+00:00,0.00001455
2025-10-10T00:00:00.005000+00:00,0.00000785
2025-10-10T08:00:00.002000+00:00,0.00003879
2025-10-10T16:00:00.014000+00:00,0.00001013
2025-10-11T00:00:00+00:00,0.00010000
2025-10-11T08:00:00.003000+00:00,0.00010000
2025-10-11T16:00:00+00:00,0.00000467
2025-10-12T00:00:00.004000+00:00,-0.00003055
2025-10-12T08:00:00.002000+00:00,0.00002865
2025-10-12T16:00:00+00:00,-0.00010915
2025-10-13T00:00:00.003000+00:00,-0.00003942
2025-10-13T08:00:00.002000+00:00,0.00002519
2025-10-13T16:00:00.003000+00:00,-0.00002305
2025-10-14T00:00:00+00:00,-0.00004041
2025-10-14T08:00:00+00:00,0.00000712
2025-10-14T16:00:00+00:00,-0.00004498
2025-10-15T00:00:00.006000+00:00,-0.00005425
2025-10-15T08:00:00.002000+00:00,0.00003973
2025-10-15T16:00:00+00:00,0.00000225
2025-10-16T00:00:00+00:00,-0.00002741
2025-10-16T08:00:00.003000+00:00,-0.00002230
2025-10-16T16:00:00.002000+00:00,-0.00003004
2025-10-17T00:00:00.001000+00:00,-0.00000285
2025-10-17T08:00:00.005000+00:00,-0.00000634
2025-10-17T16:00:00.003000+00:00,-0.00000291
2025-10-18T00:00:00+00:00,-0.00004819
2025-10-18T08:00:00.002000+00:00,-0.00006376
2025-10-18T16:00:00.001000+00:00,-0.00003681
2025-10-19T00:00:00.001000+00:00,-0.00001411
2025-10-19T08:00:00.001000+00:00,0.00001512
2025-10-19T16:00:00.001000+00:00,0.00002787
2025-10-20T00:00:00.004000+00:00,-0.00002197
2025-10-20T08:00:00.001000+00:00,-0.00000665
2025-10-20T16:00:00+00:00,-0.00000018
2025-10-21T00:00:00.009000+00:00,-0.00005567
2025-10-21T08:00:00+00:00,0.00002222
2025-10-21T16:00:00+00:00,-0.00002506
2025-10-22T00:00:00.004000+00:00,-0.00004212
2025-10-22T08:00:00+00:00,0.00002445
2025-10-22T16:00:00+00:00,0.00005702
2025-10-23T00:00:00+00:00,0.00008911
2025-10-23T08:00:00.001000+00:00,0.00002673
2025-10-23T16:00:00.004000+00:00,0.00003933
2025-10-24T00:00:00+00:00,0.00003391
2025-10-24T08:00:00+00:00,0.00001783
2025-10-24T16:00:00.009000+00:00,0.00003224
2025-10-25T00:00:00+00:00,0.00005020
2025-10-25T08:00:00.001000+00:00,0.00001484
2025-10-25T16:00:00.001000+00:00,0.00005570
2025-10-26T00:00:00.001000+00:00,0.00001903
2025-10-26T08:00:00.001000+00:00,0.00000535
2025-10-26T16:00:00+00:00,0.00006904
2025-10-27T00:00:00+00:00,0.00010000
2025-10-27T08:00:00.005000+00:00,0.00010000
2025-10-27T16:00:00+00:00,0.00007304
2025-10-28T00:00:00+00:00,0.00006059
2025-10-28T08:00:00+00:00,0.00007806
2025-10-28T16:00:00.004000+00:00,0.00002992
2025-10-29T00:00:00.004000+00:00,-0.00000032
2025-10-29T08:00:00.005000+00:00,0.00003588
2025-10-29T16:00:00+00:00,0.00005003
2025-10-30T00:00:00.004000+00:00,0.00001097
2025-10-30T08:00:00.008000+00:00,0.00003449
2025-10-30T16:00:00.001000+00:00,0.00003562
2025-10-31T00:00:00+00:00,0.00000213
2025-10-31T08:00:00.008000+00:00,0.00010000
2025-10-31T16:00:00.007000+00:00,0.00010000
2025-11-01T00:00:00.001000+00:00,0.00010000
2025-11-01T08:00:00+00:00,0.00010000
2025-11-01T16:00:00+00:00,0.00009782
2025-11-02T00:00:00.007000+00:00,0.00008200
2025-11-02T08:00:00+00:00,0.00008150
2025-11-02T16:00:00.001000+00:00,0.00005635
2025-11-03T00:00:00+00:00,0.00006098
2025-11-03T08:00:00.010000+00:00,0.00006853
2025-11-03T16:00:00+00:00,0.00005329
2025-11-04T00:00:00.002000+00:00,0.00010000
2025-11-04T08:00:00.004000+00:00,0.00005808
2025-11-04T16:00:00+00:00,0.00006339
2025-11-05T00:00:00+00:00,0.00007132
2025-11-05T08:00:00+00:00,0.00002831
2025-11-05T16:00:00.004000+00:00,0.00002816
2025-11-06T00:00:00.001000+00:00,0.00003985
2025-11-06T08:00:00+00:00,0.00007916
2025-11-06T16:00:00.001000+00:00,0.00004494
2025-11-07T00:00:00.005000+00:00,0.00004705
2025-11-07T08:00:00.003000+00:00,0.00004227
2025-11-07T16:00:00.005000+00:00,0.00008631
2025-11-08T00:00:00.011000+00:00,0.00007776
2025-11-08T08:00:00.015000+00:00,0.00003047
2025-11-08T16:00:00.001000+00:00,0.00003740
2025-11-09T00:00:00.004000+00:00,-0.00001640
2025-11-09T08:00:00+00:00,0.00004187
2025-11-09T16:00:00.005000+00:00,0.00008948
2025-11-10T00:00:00+00:00,0.00008870
2025-11-10T08:00:00+00:00,0.00007355
2025-11-10T16:00:00.003000+00:00,0.00004979
2025-11-11T00:00:00.007000+00:00,0.00002818
2025-11-11T08:00:00+00:00,-0.00002775
2025-11-11T16:00:00.009000+00:00,0.00005823
2025-11-12T00:00:00+00:00,0.00002462
2025-11-12T08:00:00.002000+00:00,0.00000687
2025-11-12T16:00:00+00:00,0.00005786
2025-11-13T00:00:00.002000+00:00,0.00001077
2025-11-13T08:00:00+00:00,0.00009352
2025-11-13T16:00:00.001000+00:00,0.00007448
2025-11-14T00:00:00+00:00,0.00008569
2025-11-14T08:00:00+00:00,0.00009126
2025-11-14T16:00:00.001000+00:00,0.00009078
2025-11-15T00:00:00.005000+00:00,0.00008507
2025-11-15T08:00:00+00:00,0.00010000
2025-11-15T16:00:00.001000+00:00,0.00005923
2025-11-16T00:00:00.001000+00:00,0.00007745
2025-11-16T08:00:00+00:00,0.00010000
2025-11-16T16:00:00+00:00,0.00007060
2025-11-17T00:00:00.003000+00:00,0.00010000
2025-11-17T08:00:00.003000+00:00,0.00009568
2025-11-17T16:00:00+00:00,0.00007208
2025-11-18T00:00:00.002000+00:00,0.00010000
2025-11-18T08:00:00.004000+00:00,0.00010000
2025-11-18T16:00:00+00:00,0.00003725
2025-11-19T00:00:00+00:00,0.00007496
2025-11-19T08:00:00+00:00,0.00005012
2025-11-19T16:00:00.008000+00:00,0.00003980
2025-11-20T00:00:00+00:00,0.00004259
2025-11-20T08:00:00+00:00,0.00010000
2025-11-20T16:00:00+00:00,0.00008999
2025-11-21T00:00:00.001000+00:00,0.00004272
2025-11-21T08:00:00+00:00,0.00004524
2025-11-21T16:00:00.001000+00:00,0.00002642
2025-11-22T00:00:00.004000+00:00,0.00001373
2025-11-22T08:00:00+00:00,0.00006735
2025-11-22T16:00:00+00:00,0.00005057
2025-11-23T00:00:00+00:00,0.00003812
2025-11-23T08:00:00.008000+00:00,0.00000153
2025-11-23T16:00:00.003000+00:00,-0.00000893
2025-11-24T00:00:00.004000+00:00,-0.00000006
2025-11-24T08:00:00+00:00,-0.00000134
2025-11-24T16:00:00.006000+00:00,0.00005044
2025-11-25T00:00:00+00:00,-0.00005290
2025-11-25T08:00:00.009000+00:00,0.00001996
2025-11-25T16:00:00.007000+00:00,-0.00003019
2025-11-26T00:00:00.001000+00:00,0.00004038
2025-11-26T08:00:00.001000+00:00,0.00005388
2025-11-26T16:00:00+00:00,-0.00000419
2025-11-27T00:00:00.013000+00:00,-0.00002599
2025-11-27T08:00:00+00:00,0.00002408
2025-11-27T16:00:00.004000+00:00,0.00004624
2025-11-28T00:00:00.008000+00:00,0.00001771
2025-11-28T08:00:00+00:00,0.00006007
2025-11-28T16:00:00.008000+00:00,-0.00001703
2025-11-29T00:00:00+00:00,-0.00001982
2025-11-29T08:00:00.005000+00:00,0.00001778
2025-11-29T16:00:00.001000+00:00,0.00002635
2025-11-30T00:00:00.003000+00:00,0.00006082
2025-11-30T08:00:00+00:00,0.00003556
2025-11-30T16:00:00.004000+00:00,0.00003880
2025-12-01T00:00:00+00:00,0.00003593
2025-12-01T08:00:00.004000+00:00,0.00003153
2025-12-01T16:00:00+00:00,0.00001491
2025-12-02T00:00:00.004000+00:00,-0.00001009
2025-12-02T08:00:00+00:00,0.00002643
2025-12-02T16:00:00+00:00,0.00003999
2025-12-03T00:00:00+00:00,-0.00001732
2025-12-03T08:00:00+00:00,0.00004206
2025-12-03T16:00:00.005000+00:00,-0.00000885
2025-12-04T00:00:00.012000+00:00,-0.00000395
2025-12-04T08:00:00+00:00,0.00007435
2025-12-04T16:00:00.011000+00:00,0.00003928
2025-12-05T00:00:00+00:00,0.00004837
2025-12-05T08:00:00+00:00,0.00004944
2025-12-05T16:00:00.010000+00:00,0.00000391
2025-12-06T00:00:00.001000+00:00,0.00003693
2025-12-06T08:00:00.001000+00:00,0.00001919
2025-12-06T16:00:00.008000+00:00,-0.00001822
2025-12-07T00:00:00+00:00,0.00004192
2025-12-07T08:00:00.004000+00:00,0.00001666
2025-12-07T16:00:00+00:00,0.00005212
2025-12-08T00:00:00+00:00,-0.00000539
2025-12-08T08:00:00+00:00,0.00006545
2025-12-08T16:00:00.001000+00:00,0.00003395
2025-12-09T00:00:00.001000+00:00,0.00000852
2025-12-09T08:00:00.001000+00:00,0.00006379
2025-12-09T16:00:00.007000+00:00,0.00005443
2025-12-10T00:00:00.007000+00:00,0.00002777
2025-12-10T08:00:00.002000+00:00,0.00001996
2025-12-10T16:00:00.012000+00:00,0.00003205
2025-12-11T00:00:00.001000+00:00,0.00002590
2025-12-11T08:00:00+00:00,-0.00001577
2025-12-11T16:00:00+00:00,0.00006100
2025-12-12T00:00:00.005000+00:00,0.00006914
2025-12-12T08:00:00.007000+00:00,0.00004698
2025-12-12T16:00:00.002000+00:00,0.00003383
2025-12-13T00:00:00.001000+00:00,0.00000121
2025-12-13T08:00:00.006000+00:00,0.00006020
2025-12-13T16:00:00+00:00,0.00006041
2025-12-14T00:00:00+00:00,0.00010000
2025-12-14T08:00:00.003000+00:00,0.00002898
2025-12-14T16:00:00.005000+00:00,0.00003773
2025-12-15T00:00:00+00:00,0.00000190
2025-12-15T08:00:00+00:00,-0.00000893
2025-12-15T16:00:00+00:00,0.00003081
2025-12-16T00:00:00.002000+00:00,0.00007467
2025-12-16T08:00:00+00:00,0.00001350
2025-12-16T16:00:00.002000+00:00,0.00004089
2025-12-17T00:00:00.004000+00:00,0.00006221
2025-12-17T08:00:00+00:00,0.00008987
2025-12-17T16:00:00+00:00,0.00005917
2025-12-18T00:00:00.005000+00:00,0.00006230
2025-12-18T08:00:00.007000+00:00,-0.00000867
2025-12-18T16:00:00.001000+00:00,0.00008355
2025-12-19T00:00:00+00:00,0.00005491
2025-12-19T08:00:00.001000+00:00,0.00010000
2025-12-19T16:00:00+00:00,0.00010000
2025-12-20T00:00:00.005000+00:00,0.00010000
2025-12-20T08:00:00+00:00,0.00001234
2025-12-20T16:00:00.002000+00:00,0.00007171
2025-12-21T00:00:00+00:00,0.00009682
2025-12-21T08:00:00.009000+00:00,0.00008873
2025-12-21T16:00:00+00:00,0.00003977
2025-12-22T00:00:00+00:00,0.00004389
2025-12-22T08:00:00.005000+00:00,0.00004524
2025-12-22T16:00:00.009000+00:00,0.00006654
2025-12-23T00:00:00+00:00,0.00002633
2025-12-23T08:00:00+00:00,0.00005231
2025-12-23T16:00:00.001000+00:00,0.00001795
2025-12-24T00:00:00.001000+00:00,0.00010000
2025-12-24T08:00:00.001000+00:00,0.00008455
2025-12-24T16:00:00+00:00,0.00005927
2025-12-25T00:00:00+00:00,0.00005953
2025-12-25T08:00:00.001000+00:00,0.00007953
2025-12-25T16:00:00.005000+00:00,0.00008322
2025-12-26T00:00:00.004000+00:00,0.00004378
2025-12-26T08:00:00.001000+00:00,0.00005427
2025-12-26T16:00:00.007000+00:00,0.00010000
2025-12-27T00:00:00+00:00,0.00001809
2025-12-27T08:00:00+00:00,0.00002788
2025-12-27T16:00:00.011000+00:00,0.00005850
2025-12-28T00:00:00.008000+00:00,-0.00000036
2025-12-28T08:00:00+00:00,0.00007955
2025-12-28T16:00:00+00:00,0.00009464
2025-12-29T00:00:00.016000+00:00,0.00010000
2025-12-29T08:00:00.001000+00:00,0.00010000
2025-12-29T16:00:00+00:00,0.00004826
2025-12-30T00:00:00.005000+00:00,0.00010000
2025-12-30T08:00:00.001000+00:00,0.00004613
2025-12-30T16:00:00.003000+00:00,0.00008345
2025-12-31T00:00:00.004000+00:00,0.00002922
2025-12-31T08:00:00.001000+00:00,0.00001453
2025-12-31T16:00:00.001000+00:00,0.00003750
2026-01-01T00:00:00.008000+00:00,0.00010000
2026-01-01T08:00:00.002000+00:00,0.00010000
2026-01-01T16:00:00.001000+00:00,0.00001711
2026-01-02T00:00:00.006000+00:00,0.00005608
2026-01-02T08:00:00.007000+00:00,0.00004219
2026-01-02T16:00:00+00:00,0.00004813
2026-01-03T00:00:00.001000+00:00,0.00003110
2026-01-03T08:00:00+00:00,0.00001055
2026-01-03T16:00:00+00:00,0.00006938
2026-01-04T00:00:00+00:00,0.00009488
2026-01-04T08:00:00+00:00,0.00005813
2026-01-04T16:00:00.001000+00:00,0.00004436
2026-01-05T00:00:00+00:00,0.00008893
2026-01-05T08:00:00+00:00,0.00005230
2026-01-05T16:00:00+00:00,0.00007723
2026-01-06T00:00:00.010000+00:00,-0.00001376
2026-01-06T08:00:00+00:00,0.00002816
2026-01-06T16:00:00+00:00,0.00002691
2026-01-07T00:00:00.001000+00:00,0.00006582
2026-01-07T08:00:00.001000+00:00,0.00010000
2026-01-07T16:00:00.001000+00:00,0.00002885
2026-01-08T00:00:00.001000+00:00,0.00008693
2026-01-08T08:00:00+00:00,0.00010000
2026-01-08T16:00:00+00:00,0.00006436
2026-01-09T00:00:00.003000+00:00,-0.00002813
2026-01-09T08:00:00+00:00,0.00007258
2026-01-09T16:00:00.001000+00:00,0.00000218
2026-01-10T00:00:00+00:00,0.00005643
2026-01-10T08:00:00.002000+00:00,0.00007657
2026-01-10T16:00:00.001000+00:00,0.00006235
2026-01-11T00:00:00.003000+00:00,0.00008744
2026-01-11T08:00:00.006000+00:00,0.00004670
2026-01-11T16:00:00+00:00,0.00001667
2026-01-12T00:00:00.005000+00:00,0.00001813
2026-01-12T08:00:00+00:00,0.00002902
2026-01-12T16:00:00+00:00,0.00004650
2026-01-13T00:00:00.007000+00:00,0.00002245
2026-01-13T08:00:00.009000+00:00,0.00009838
2026-01-13T16:00:00.002000+00:00,0.00003445
2026-01-14T00:00:00+00:00,0.00000129
2026-01-14T08:00:00.001000+00:00,0.00002497
2026-01-14T16:00:00.004000+00:00,0.00004076
2026-01-15T00:00:00+00:00,-0.00000367
2026-01-15T08:00:00.004000+00:00,0.00001749
2026-01-15T16:00:00.002000+00:00,0.00001526
2026-01-16T00:00:00+00:00,0.00007340
2026-01-16T08:00:00+00:00,0.00007337
2026-01-16T16:00:00.001000+00:00,0.00002495
2026-01-17T00:00:00+00:00,-0.00000178
2026-01-17T08:00:00+00:00,0.00003007
2026-01-17T16:00:00.002000+00:00,0.00002976
2026-01-18T00:00:00.001000+00:00,0.00003503
2026-01-18T08:00:00+00:00,0.00009616
2026-01-18T16:00:00+00:00,0.00006571
2026-01-19T00:00:00.007000+00:00,0.00003473
2026-01-19T08:00:00.007000+00:00,0.00001943
2026-01-19T16:00:00.007000+00:00,0.00002494
2026-01-20T00:00:00.005000+00:00,0.00009819
2026-01-20T08:00:00.001000+00:00,0.00006626
2026-01-20T16:00:00.009000+00:00,0.00005652
2026-01-21T00:00:00.001000+00:00,0.00010000
2026-01-21T08:00:00.011000+00:00,0.00006055
2026-01-21T16:00:00.011000+00:00,0.00002410
2026-01-22T00:00:00.010000+00:00,0.00006355
2026-01-22T08:00:00.003000+00:00,0.00005110
2026-01-22T16:00:00.005000+00:00,0.00009419
2026-01-23T00:00:00.005000+00:00,0.00005090
2026-01-23T08:00:00+00:00,0.00003390
2026-01-23T16:00:00.011000+00:00,0.00006968
2026-01-24T00:00:00.011000+00:00,0.00001531
2026-01-24T08:00:00.002000+00:00,0.00008909
2026-01-24T16:00:00.001000+00:00,0.00003901
2026-01-25T00:00:00.002000+00:00,0.00001336
2026-01-25T08:00:00.011000+00:00,0.00008051
2026-01-25T16:00:00.005000+00:00,0.00004917
2026-01-26T00:00:00+00:00,0.00004067
2026-01-26T08:00:00.003000+00:00,0.00002847
2026-01-26T16:00:00+00:00,0.00005606
2026-01-27T00:00:00.002000+00:00,0.00004267
2026-01-27T08:00:00+00:00,0.00006028
2026-01-27T16:00:00+00:00,0.00007503
2026-01-28T00:00:00+00:00,0.00006237
2026-01-28T08:00:00+00:00,0.00006174
2026-01-28T16:00:00+00:00,0.00003830
2026-01-29T00:00:00+00:00,0.00007210
2026-01-29T08:00:00.009000+00:00,0.00005856
2026-01-29T16:00:00+00:00,0.00004023
2026-01-30T00:00:00.008000+00:00,0.00004478
2026-01-30T08:00:00+00:00,0.00001714
2026-01-30T16:00:00.001000+00:00,0.00000310
2026-01-31T00:00:00+00:00,0.00009693
2026-01-31T08:00:00.001000+00:00,0.00003548
2026-01-31T16:00:00.009000+00:00,0.00006585
2026-02-01T00:00:00.001000+00:00,-0.00003267
2026-02-01T08:00:00.004000+00:00,0.00003421
2026-02-01T16:00:00+00:00,0.00001722
2026-02-02T00:00:00+00:00,0.00000068
2026-02-02T08:00:00.014000+00:00,-0.00003043
2026-02-02T16:00:00+00:00,-0.00005713
2026-02-03T00:00:00+00:00,-0.00002203
2026-02-03T08:00:00.007000+00:00,0.00002245
2026-02-03T16:00:00+00:00,-0.00000465
2026-02-04T00:00:00.002000+00:00,0.00000119
2026-02-04T08:00:00.007000+00:00,0.00003551
2026-02-04T16:00:00+00:00,0.00004618
2026-02-05T00:00:00.011000+00:00,0.00009173
2026-02-05T08:00:00+00:00,0.00000298
2026-02-05T16:00:00.007000+00:00,-0.00004957
2026-02-06T00:00:00+00:00,-0.00001597
2026-02-06T08:00:00.001000+00:00,-0.00013688
2026-02-06T16:00:00+00:00,-0.00013478
2026-02-07T00:00:00.003000+00:00,-0.00015178
2026-02-07T08:00:00+00:00,-0.00008326
2026-02-07T16:00:00.010000+00:00,-0.00002907
2026-02-08T00:00:00.003000+00:00,-0.00003403
2026-02-08T08:00:00+00:00,-0.00003546
2026-02-08T16:00:00+00:00,-0.00004864
2026-02-09T00:00:00.002000+00:00,-0.00003075
2026-02-09T08:00:00.001000+00:00,0.00001846
2026-02-09T16:00:00.007000+00:00,-0.00004284
2026-02-10T00:00:00+00:00,-0.00008798
2026-02-10T08:00:00.007000+00:00,-0.00004829
2026-02-10T16:00:00+00:00,-0.00008816
2026-02-11T00:00:00+00:00,0.00001400
2026-02-11T08:00:00.006000+00:00,-0.00008417
2026-02-11T16:00:00+00:00,-0.00001169
2026-02-12T00:00:00+00:00,-0.00001381
2026-02-12T08:00:00.001000+00:00,0.00003499
2026-02-12T16:00:00.001000+00:00,-0.00001728
2026-02-13T00:00:00.007000+00:00,0.00005834
2026-02-13T08:00:00.003000+00:00,0.00000716
2026-02-13T16:00:00.005000+00:00,-0.00001274
2026-02-14T00:00:00.002000+00:00,0.00001291
2026-02-14T08:00:00.004000+00:00,0.00003174
2026-02-14T16:00:00.002000+00:00,-0.00003094
2026-02-15T00:00:00+00:00,-0.00001068
2026-02-15T08:00:00.002000+00:00,0.00004664
2026-02-15T16:00:00+00:00,-0.00002371
2026-02-16T00:00:00.001000+00:00,0.00002659
2026-02-16T08:00:00.003000+00:00,-0.00003277
2026-02-16T16:00:00+00:00,-0.00004112
2026-02-17T00:00:00.008000+00:00,0.00005883
2026-02-17T08:00:00.001000+00:00,0.00002672
2026-02-17T16:00:00.002000+00:00,0.00005077
2026-02-18T00:00:00+00:00,0.00003215
2026-02-18T08:00:00+00:00,-0.00000141
2026-02-18T16:00:00.011000+00:00,0.00003604
2026-02-19T00:00:00.013000+00:00,-0.00004014
2026-02-19T08:00:00+00:00,0.00002686
2026-02-19T16:00:00.003000+00:00,-0.00003052
2026-02-20T00:00:00+00:00,0.00005365
2026-02-20T08:00:00+00:00,0.00001302
2026-02-20T16:00:00+00:00,-0.00000671
2026-02-21T00:00:00.004000+00:00,0.00004456
2026-02-21T08:00:00+00:00,0.00002485
2026-02-21T16:00:00.005000+00:00,0.00003235
2026-02-22T00:00:00.001000+00:00,0.00000730
2026-02-22T08:00:00.004000+00:00,0.00000042
2026-02-22T16:00:00+00:00,0.00004972
2026-02-23T00:00:00.001000+00:00,0.00006946
2026-02-23T08:00:00+00:00,-0.00009317
2026-02-23T16:00:00+00:00,0.00002251
2026-02-24T00:00:00.007000+00:00,0.00005706
2026-02-24T08:00:00+00:00,-0.00001193
2026-02-24T16:00:00.001000+00:00,-0.00000182
2026-02-25T00:00:00.001000+00:00,0.00002375
2026-02-25T08:00:00.007000+00:00,0.00000033
2026-02-25T16:00:00+00:00,-0.00000968
2026-02-26T00:00:00+00:00,-0.00001998
2026-02-26T08:00:00.006000+00:00,-0.00001128
2026-02-26T16:00:00.002000+00:00,0.00004007
2026-02-27T00:00:00.007000+00:00,-0.00000991
2026-02-27T08:00:00+00:00,-0.00008123
2026-02-27T16:00:00.001000+00:00,-0.00000656
2026-02-28T00:00:00+00:00,0.00004041
2026-02-28T08:00:00+00:00,-0.00003727
2026-02-28T16:00:00.004000+00:00,-0.00004305
2026-03-01T00:00:00.005000+00:00,-0.00000688
2026-03-01T08:00:00+00:00,0.00004563
2026-03-01T16:00:00.002000+00:00,0.00002948
2026-03-02T00:00:00.001000+00:00,-0.00000299
2026-03-02T08:00:00.007000+00:00,-0.00001956
2026-03-02T16:00:00+00:00,-0.00001083
2026-03-03T00:00:00+00:00,-0.00000186
2026-03-03T08:00:00+00:00,0.00001437
2026-03-03T16:00:00.007000+00:00,0.00001481
2026-03-04T00:00:00.001000+00:00,-0.00005390
2026-03-04T08:00:00.005000+00:00,0.00002520
2026-03-04T16:00:00+00:00,0.00004683
2026-03-05T00:00:00+00:00,0.00003567
2026-03-05T08:00:00+00:00,0.00004965
2026-03-05T16:00:00.004000+00:00,0.00000174
2026-03-06T00:00:00.001000+00:00,0.00001689
2026-03-06T08:00:00.001000+00:00,-0.00003061
2026-03-06T16:00:00.004000+00:00,-0.00002176
2026-03-07T00:00:00.001000+00:00,0.00000619
2026-03-07T08:00:00.012000+00:00,0.00003525
2026-03-07T16:00:00.001000+00:00,-0.00004217
2026-03-08T00:00:00.001000+00:00,-0.00004496
2026-03-08T08:00:00+00:00,-0.00001115
2026-03-08T16:00:00.002000+00:00,-0.00002868
2026-03-09T00:00:00+00:00,-0.00005770
2026-03-09T08:00:00.004000+00:00,-0.00004579
2026-03-09T16:00:00.003000+00:00,-0.00003431
2026-03-10T00:00:00.012000+00:00,-0.00002394
2026-03-10T08:00:00.002000+00:00,0.00001230
2026-03-10T16:00:00.001000+00:00,0.00001738
2026-03-11T00:00:00+00:00,-0.00011052
2026-03-11T08:00:00.007000+00:00,-0.00005252
2026-03-11T16:00:00.010000+00:00,-0.00005824
2026-03-12T00:00:00+00:00,-0.00007802
2026-03-12T08:00:00+00:00,-0.00005392
2026-03-12T16:00:00+00:00,-0.00007381
2026-03-13T00:00:00.006000+00:00,-0.00002789
2026-03-13T08:00:00.001000+00:00,0.00004263
2026-03-13T16:00:00+00:00,-0.00000638
2026-03-14T00:00:00.001000+00:00,-0.00000379
2026-03-14T08:00:00+00:00,-0.00003988
2026-03-14T16:00:00.007000+00:00,-0.00004851
2026-03-15T00:00:00+00:00,-0.00001883
2026-03-15T08:00:00+00:00,-0.00006461
2026-03-15T16:00:00+00:00,0.00002659
2026-03-16T00:00:00+00:00,0.00002513
2026-03-16T08:00:00.010000+00:00,0.00007139
2026-03-16T16:00:00+00:00,0.00002015
2026-03-17T00:00:00+00:00,0.00000241
2026-03-17T08:00:00.002000+00:00,-0.00002505
2026-03-17T16:00:00.011000+00:00,-0.00001260
2026-03-18T00:00:00.002000+00:00,-0.00006569
2026-03-18T08:00:00.002000+00:00,-0.00004813
2026-03-18T16:00:00.005000+00:00,0.00002418
2026-03-19T00:00:00+00:00,-0.00000974
2026-03-19T08:00:00.003000+00:00,-0.00003012
2026-03-19T16:00:00.003000+00:00,0.00001205
2026-03-20T00:00:00.002000+00:00,0.00000625
2026-03-20T08:00:00+00:00,0.00000753
2026-03-20T16:00:00+00:00,-0.00000223
2026-03-21T00:00:00+00:00,-0.00001493
2026-03-21T08:00:00+00:00,-0.00000738
2026-03-21T16:00:00.014000+00:00,0.00001093
2026-03-22T00:00:00.012000+00:00,0.00000806
2026-03-22T08:00:00.007000+00:00,-0.00004425
2026-03-22T16:00:00.002000+00:00,-0.00006837
2026-03-23T00:00:00+00:00,-0.00002079
2026-03-23T08:00:00.003000+00:00,-0.00002863
2026-03-23T16:00:00.002000+00:00,0.00000160
2026-03-24T00:00:00+00:00,0.00004229
2026-03-24T08:00:00+00:00,0.00003675
2026-03-24T16:00:00.003000+00:00,0.00003056
2026-03-25T00:00:00+00:00,0.00002310
2026-03-25T08:00:00+00:00,0.00001074
2026-03-25T16:00:00.013000+00:00,0.00004721
2026-03-26T00:00:00.001000+00:00,0.00002448
2026-03-26T08:00:00.001000+00:00,0.00001379
2026-03-26T16:00:00+00:00,-0.00002103
2026-03-27T00:00:00.006000+00:00,0.00002925
2026-03-27T08:00:00+00:00,-0.00006298
2026-03-27T16:00:00+00:00,-0.00005841
2026-03-28T00:00:00.005000+00:00,-0.00008088
2026-03-28T08:00:00.005000+00:00,-0.00007604
2026-03-28T16:00:00+00:00,-0.00000173
2026-03-29T00:00:00.003000+00:00,-0.00003680
2026-03-29T08:00:00.001000+00:00,-0.00000012
2026-03-29T16:00:00+00:00,0.00002677
2026-03-30T00:00:00+00:00,0.00000300
2026-03-30T08:00:00.005000+00:00,0.00000492
2026-03-30T16:00:00+00:00,0.00000758
2026-03-31T00:00:00+00:00,0.00000116
2026-03-31T08:00:00+00:00,-0.00001921
2026-03-31T16:00:00+00:00,-0.00002763
2026-04-01T00:00:00+00:00,-0.00003449
2026-04-01T08:00:00+00:00,-0.00000461
2026-04-01T16:00:00+00:00,0.00000577
2026-04-02T00:00:00.003000+00:00,0.00003521
2026-04-02T08:00:00.001000+00:00,0.00000845
2026-04-02T16:00:00.001000+00:00,-0.00007398
2026-04-03T00:00:00+00:00,-0.00000831
2026-04-03T08:00:00.008000+00:00,-0.00000599
2026-04-03T16:00:00.008000+00:00,0.00000351
2026-04-04T00:00:00+00:00,0.00003761
2026-04-04T08:00:00.003000+00:00,0.00004115
2026-04-04T16:00:00+00:00,0.00001651
2026-04-05T00:00:00.008000+00:00,0.00002407
2026-04-05T08:00:00+00:00,0.00003812
2026-04-05T16:00:00.001000+00:00,0.00001889
2026-04-06T00:00:00.004000+00:00,0.00007073
2026-04-06T08:00:00.001000+00:00,0.00005544
2026-04-06T16:00:00.003000+00:00,0.00000423
2026-04-07T00:00:00+00:00,-0.00000315
2026-04-07T08:00:00+00:00,0.00003703
2026-04-07T16:00:00+00:00,0.00007393
2026-04-08T00:00:00+00:00,0.00006020
2026-04-08T08:00:00+00:00,0.00001563
2026-04-08T16:00:00.006000+00:00,0.00004048
2026-04-09T00:00:00+00:00,-0.00000147
2026-04-09T08:00:00.010000+00:00,0.00005239
2026-04-09T16:00:00.001000+00:00,-0.00001986
2026-04-10T00:00:00+00:00,0.00000411
2026-04-10T08:00:00.005000+00:00,0.00002458
2026-04-10T16:00:00+00:00,-0.00002187
2026-04-11T00:00:00+00:00,-0.00007225
2026-04-11T08:00:00+00:00,-0.00006083
2026-04-11T16:00:00.003000+00:00,-0.00006755
2026-04-12T00:00:00+00:00,-0.00008108
2026-04-12T08:00:00+00:00,-0.00003690
2026-04-12T16:00:00+00:00,-0.00000335
2026-04-13T00:00:00.011000+00:00,-0.00000234
2026-04-13T08:00:00.006000+00:00,-0.00000183
2026-04-13T16:00:00+00:00,-0.00005409
2026-04-14T00:00:00.005000+00:00,-0.00005854
2026-04-14T08:00:00.003000+00:00,0.00002732
2026-04-14T16:00:00.001000+00:00,-0.00005234
2026-04-15T00:00:00+00:00,-0.00009313
2026-04-15T08:00:00+00:00,-0.00005085
2026-04-15T16:00:00+00:00,-0.00007151
2026-04-16T00:00:00.013000+00:00,-0.00003418
2026-04-16T08:00:00+00:00,-0.00002841
2026-04-16T16:00:00+00:00,-0.00002225
2026-04-17T00:00:00.001000+00:00,0.00003297
2026-04-17T08:00:00.011000+00:00,0.00002781
2026-04-17T16:00:00.001000+00:00,-0.00010789
2026-04-18T00:00:00.001000+00:00,-0.00008098
2026-04-18T08:00:00.006000+00:00,-0.00007082
2026-04-18T16:00:00+00:00,-0.00004586
2026-04-19T00:00:00.002000+00:00,-0.00008395
2026-04-19T08:00:00.010000+00:00,-0.00007219
2026-04-19T16:00:00.001000+00:00,-0.00012276
2026-04-20T00:00:00+00:00,-0.00004615
2026-04-20T08:00:00+00:00,-0.00004778
2026-04-20T16:00:00.001000+00:00,-0.00002745
2026-04-21T00:00:00+00:00,-0.00007937
2026-04-21T08:00:00.004000+00:00,-0.00005824
2026-04-21T16:00:00.004000+00:00,-0.00004242
2026-04-22T00:00:00.004000+00:00,-0.00002237
2026-04-22T08:00:00+00:00,0.00003560
2026-04-22T16:00:00+00:00,-0.00000749
2026-04-23T00:00:00+00:00,-0.00007870
2026-04-23T08:00:00+00:00,-0.00003553
2026-04-23T16:00:00.004000+00:00,-0.00006696
2026-04-24T00:00:00.006000+00:00,-0.00003829
2026-04-24T08:00:00+00:00,-0.00007865
2026-04-24T16:00:00+00:00,-0.00003152
2026-04-25T00:00:00+00:00,-0.00001077
2026-04-25T08:00:00.002000+00:00,-0.00006235
2026-04-25T16:00:00.002000+00:00,-0.00005699
2026-04-26T00:00:00.003000+00:00,0.00000241
2026-04-26T08:00:00.007000+00:00,0.00000153
2026-04-26T16:00:00.004000+00:00,0.00000195
2026-04-27T00:00:00.004000+00:00,0.00000249
2026-04-27T08:00:00+00:00,-0.00008659
2026-04-27T16:00:00.002000+00:00,-0.00005678
2026-04-28T00:00:00.001000+00:00,-0.00003951
2026-04-28T08:00:00+00:00,-0.00003204
2026-04-28T16:00:00.004000+00:00,0.00005242
2026-04-29T00:00:00.006000+00:00,0.00001305
2026-04-29T08:00:00.011000+00:00,-0.00002840
2026-04-29T16:00:00.003000+00:00,0.00003571
2026-04-30T00:00:00.002000+00:00,-0.00004220
2026-04-30T08:00:00+00:00,-0.00001837
2026-04-30T16:00:00+00:00,-0.00002904
2026-05-01T00:00:00+00:00,-0.00003746
2026-05-01T08:00:00.005000+00:00,-0.00001810
2026-05-01T16:00:00+00:00,-0.00003143
2026-05-02T00:00:00.006000+00:00,-0.00000822
2026-05-02T08:00:00+00:00,-0.00005103
2026-05-02T16:00:00.010000+00:00,-0.00002540
2026-05-03T00:00:00.005000+00:00,0.00002290
2026-05-03T08:00:00.003000+00:00,-0.00001398
2026-05-03T16:00:00+00:00,0.00000703
2026-05-04T00:00:00+00:00,0.00004304
2026-05-04T08:00:00+00:00,-0.00000158
2026-05-04T16:00:00.003000+00:00,-0.00003160
2026-05-05T00:00:00+00:00,-0.00000383
2026-05-05T08:00:00.011000+00:00,-0.00004626
2026-05-05T16:00:00+00:00,-0.00008240
2026-05-06T00:00:00.010000+00:00,-0.00009153
2026-05-06T08:00:00+00:00,-0.00006150
2026-05-06T16:00:00.002000+00:00,-0.00003756
2026-05-07T00:00:00+00:00,-0.00005856
2026-05-07T08:00:00+00:00,-0.00004568
2026-05-07T16:00:00.004000+00:00,-0.00003014
2026-05-08T00:00:00.003000+00:00,-0.00007406
2026-05-08T08:00:00.002000+00:00,0.00002415
2026-05-08T16:00:00.003000+00:00,-0.00001542
2026-05-09T00:00:00+00:00,0.00001841
2026-05-09T08:00:00.001000+00:00,-0.00003792
2026-05-09T16:00:00.002000+00:00,0.00003645
2026-05-10T00:00:00.003000+00:00,0.00000090
2026-05-10T08:00:00+00:00,0.00004626
2026-05-10T16:00:00+00:00,0.00005764
2026-05-11T00:00:00+00:00,0.00005798
2026-05-11T08:00:00+00:00,0.00002592
2026-05-11T16:00:00+00:00,0.00004555
2026-05-12T00:00:00.002000+00:00,-0.00000115
2026-05-12T08:00:00.008000+00:00,0.00003877
2026-05-12T16:00:00+00:00,0.00005822
2026-05-13T00:00:00.010000+00:00,0.00005367
2026-05-13T08:00:00.003000+00:00,0.00005437
2026-05-13T16:00:00.001000+00:00,0.00001749
2026-05-14T00:00:00.005000+00:00,0.00003928
2026-05-14T08:00:00+00:00,0.00002928
2026-05-14T16:00:00+00:00,0.00004094
2026-05-15T00:00:00+00:00,-0.00004239
2026-05-15T08:00:00.016000+00:00,-0.00001893
2026-05-15T16:00:00.012000+00:00,0.00001548
2026-05-16T00:00:00.005000+00:00,0.00003938
2026-05-16T08:00:00+00:00,-0.00000210
2026-05-16T16:00:00.005000+00:00,0.00004955
2026-05-17T00:00:00+00:00,0.00004037
2026-05-17T08:00:00.010000+00:00,0.00001176
2026-05-17T16:00:00.009000+00:00,0.00000048
2026-05-18T00:00:00.007000+00:00,-0.00001131
2026-05-18T08:00:00.002000+00:00,0.00005778
2026-05-18T16:00:00.007000+00:00,0.00007178
2026-05-19T00:00:00.001000+00:00,0.00005164
2026-05-19T08:00:00.001000+00:00,0.00004809
2026-05-19T16:00:00.009000+00:00,0.00005563
2026-05-20T00:00:00.001000+00:00,0.00003254
2026-05-20T08:00:00.006000+00:00,0.00007983
2026-05-20T16:00:00+00:00,0.00006858
2026-05-21T00:00:00.001000+00:00,0.00001925
2026-05-21T08:00:00+00:00,0.00004003
2026-05-21T16:00:00+00:00,0.00006130
2026-05-22T00:00:00+00:00,0.00003564
2026-05-22T08:00:00.004000+00:00,-0.00000820
2026-05-22T16:00:00.001000+00:00,0.00002891
2026-05-23T00:00:00.009000+00:00,0.00001783
2026-05-23T08:00:00.001000+00:00,0.00001025
2026-05-23T16:00:00.003000+00:00,0.00007441
2026-05-24T00:00:00.011000+00:00,0.00009044
2026-05-24T08:00:00.008000+00:00,0.00006290
2026-05-24T16:00:00+00:00,0.00006265
2026-05-25T00:00:00.001000+00:00,0.00006549
2026-05-25T08:00:00.001000+00:00,0.00003527
2026-05-25T16:00:00.001000+00:00,0.00001426
2026-05-26T00:00:00+00:00,0.00008058
2026-05-26T08:00:00.003000+00:00,0.00003852
2026-05-26T16:00:00+00:00,0.00005776
2026-05-27T00:00:00+00:00,0.00010000
2026-05-27T08:00:00.004000+00:00,0.00008948
2026-05-27T16:00:00.009000+00:00,0.00009914
2026-05-28T00:00:00.001000+00:00,0.00010000
2026-05-28T08:00:00+00:00,0.00005011
2026-05-28T16:00:00.001000+00:00,0.00010000
2026-05-29T00:00:00+00:00,0.00010000
2026-05-29T08:00:00.001000+00:00,0.00005391
2026-05-29T16:00:00.008000+00:00,0.00006702
2026-05-30T00:00:00+00:00,0.00003464
2026-05-30T08:00:00.001000+00:00,0.00004732
2026-05-30T16:00:00+00:00,0.00006214
2026-05-31T00:00:00+00:00,0.00004432
2026-05-31T08:00:00+00:00,0.00005663
2026-05-31T16:00:00.004000+00:00,0.00005988
2026-06-01T00:00:00.001000+00:00,0.00005703
2026-06-01T08:00:00.001000+00:00,0.00004438
2026-06-01T16:00:00+00:00,0.00010000
2026-06-02T00:00:00+00:00,0.00010000
2026-06-02T08:00:00+00:00,0.00005990
2026-06-02T16:00:00+00:00,0.00008345
2026-06-03T00:00:00.013000+00:00,0.00007165
2026-06-03T08:00:00+00:00,0.00005229
2026-06-03T16:00:00.001000+00:00,0.00010000
2026-06-04T00:00:00.009000+00:00,0.00002705
2026-06-04T08:00:00+00:00,0.00001519
2026-06-04T16:00:00.003000+00:00,-0.00001077
2026-06-05T00:00:00+00:00,0.00001315
2026-06-05T08:00:00.004000+00:00,-0.00001431
2026-06-05T16:00:00.009000+00:00,-0.00000863
2026-06-06T00:00:00+00:00,-0.00001234
2026-06-06T08:00:00+00:00,0.00002675
2026-06-06T16:00:00+00:00,-0.00000511
2026-06-07T00:00:00.001000+00:00,-0.00002828
2026-06-07T08:00:00+00:00,0.00000407
2026-06-07T16:00:00+00:00,0.00002742
2026-06-08T00:00:00+00:00,0.00003533
2026-06-08T08:00:00.005000+00:00,0.00003454
2026-06-08T16:00:00.004000+00:00,0.00000122
2026-06-09T00:00:00+00:00,-0.00001565
2026-06-09T08:00:00+00:00,0.00003041
2026-06-09T16:00:00.001000+00:00,0.00000606
2026-06-10T00:00:00.001000+00:00,0.00000365
2026-06-10T08:00:00.011000+00:00,-0.00003385
2026-06-10T16:00:00.009000+00:00,0.00002542
2026-06-11T00:00:00+00:00,-0.00000811
2026-06-11T08:00:00.004000+00:00,0.00002525
2026-06-11T16:00:00+00:00,0.00002736
2026-06-12T00:00:00+00:00,-0.00001303
2026-06-12T08:00:00+00:00,0.00002446
2026-06-12T16:00:00+00:00,0.00000840
2026-06-13T00:00:00+00:00,0.00005357
2026-06-13T08:00:00.007000+00:00,0.00000060
2026-06-13T16:00:00.002000+00:00,0.00000938
2026-06-14T00:00:00.005000+00:00,-0.00004510
2026-06-14T08:00:00.009000+00:00,-0.00004657
2026-06-14T16:00:00+00:00,-0.00003265
2026-06-15T00:00:00.013000+00:00,0.00002808
2026-06-15T08:00:00.013000+00:00,0.00000621
2026-06-15T16:00:00.004000+00:00,-0.00006079
2026-06-16T00:00:00+00:00,-0.00000428
2026-06-16T08:00:00+00:00,-0.00001110
2026-06-16T16:00:00.001000+00:00,0.00000246
2026-06-17T00:00:00.012000+00:00,0.00001957
2026-06-17T08:00:00+00:00,-0.00006685
2026-06-17T16:00:00+00:00,-0.00002582
2026-06-18T00:00:00.002000+00:00,0.00002636
2026-06-18T08:00:00+00:00,0.00001896
2026-06-18T16:00:00.001000+00:00,0.00000872
2026-06-19T00:00:00.005000+00:00,0.00006039
2026-06-19T08:00:00.001000+00:00,0.00001984
2026-06-19T16:00:00.001000+00:00,0.00002823
2026-06-20T00:00:00.001000+00:00,0.00005814
2026-06-20T08:00:00+00:00,0.00002633
2026-06-20T16:00:00.001000+00:00,0.00003985
2026-06-21T00:00:00+00:00,0.00000778
2026-06-21T08:00:00+00:00,0.00003034
2026-06-21T16:00:00+00:00,0.00004189
2026-06-22T00:00:00+00:00,0.00006572
2026-06-22T08:00:00+00:00,0.00001514
2026-06-22T16:00:00.002000+00:00,0.00004813
2026-06-23T00:00:00.003000+00:00,0.00004041
2026-06-23T08:00:00.005000+00:00,0.00001655
2026-06-23T16:00:00.002000+00:00,-0.00001889
2026-06-24T00:00:00.005000+00:00,0.00002154
2026-06-24T08:00:00.005000+00:00,0.00002134
2026-06-24T16:00:00.003000+00:00,0.00000027
2026-06-25T00:00:00+00:00,-0.00001423
2026-06-25T08:00:00+00:00,-0.00001803
2026-06-25T16:00:00+00:00,0.00001580
2026-06-26T00:00:00.010000+00:00,0.00005298
2026-06-26T08:00:00.002000+00:00,0.00005904
2026-06-26T16:00:00+00:00,0.00007308
2026-06-27T00:00:00+00:00,0.00005255
2026-06-27T08:00:00+00:00,0.00004284
2026-06-27T16:00:00.009000+00:00,0.00003742
2026-06-28T00:00:00+00:00,0.00004258
2026-06-28T08:00:00.013000+00:00,0.00001355
2026-06-28T16:00:00+00:00,0.00004430
2026-06-29T00:00:00.006000+00:00,0.00003112
2026-06-29T08:00:00.013000+00:00,0.00007444
2026-06-29T16:00:00.004000+00:00,0.00008658
2026-06-30T00:00:00+00:00,0.00006175
2026-06-30T08:00:00+00:00,0.00008349
2026-06-30T16:00:00.005000+00:00,0.00003327
2026-07-01T00:00:00+00:00,0.00005532
2026-07-01T08:00:00+00:00,0.00001853
2026-07-01T16:00:00+00:00,0.00007073
2026-07-02T00:00:00+00:00,0.00008001
2026-07-02T08:00:00+00:00,0.00005238
2026-07-02T16:00:00+00:00,0.00005261
2026-07-03T00:00:00+00:00,0.00010000
2026-07-03T08:00:00.007000+00:00,0.00010000
2026-07-03T16:00:00+00:00,0.00003740
2026-07-04T00:00:00+00:00,0.00010000
2026-07-04T08:00:00+00:00,0.00010000
2026-07-04T16:00:00.007000+00:00,0.00009480
2026-07-05T00:00:00.003000+00:00,0.00009533
2026-07-05T08:00:00.001000+00:00,0.00008873
2026-07-05T16:00:00+00:00,0.00008608
2026-07-06T00:00:00+00:00,0.00007700
2026-07-06T08:00:00+00:00,0.00006120
2026-07-06T16:00:00+00:00,0.00010000
2026-07-07T00:00:00+00:00,0.00010000
2026-07-07T08:00:00+00:00,0.00005792
2026-07-07T16:00:00+00:00,0.00006825
2026-07-08T00:00:00+00:00,0.00004846
2026-07-08T08:00:00+00:00,0.00000724
2026-07-08T16:00:00+00:00,0.00007171
2026-07-09T00:00:00+00:00,0.00006160
2026-07-09T08:00:00.001000+00:00,0.00006615
2026-07-09T16:00:00.001000+00:00,0.00004912
2026-07-10T00:00:00+00:00,0.00009058
2026-07-10T08:00:00.005000+00:00,0.00007247
2026-07-10T16:00:00.005000+00:00,0.00009508
2026-07-11T00:00:00+00:00,0.00010000
2026-07-11T08:00:00+00:00,0.00000942
2026-07-11T16:00:00+00:00,0.00004156
2026-07-12T00:00:00+00:00,0.00004651
2026-07-12T08:00:00.003000+00:00,0.00006315
2026-07-12T16:00:00+00:00,0.00007578
2026-07-13T00:00:00+00:00,0.00001521
2026-07-13T08:00:00.001000+00:00,0.00004856
2026-07-13T16:00:00.004000+00:00,0.00010000
2026-07-14T00:00:00+00:00,0.00008256
2026-07-14T08:00:00.002000+00:00,0.00003489
2026-07-14T16:00:00.001000+00:00,0.00005590
2026-07-15T00:00:00.005000+00:00,0.00010000
2026-07-15T08:00:00.002000+00:00,0.00010000
2026-07-15T16:00:00+00:00,0.00004457
2026-07-16T00:00:00+00:00,0.00002426
2026-07-16T08:00:00.003000+00:00,0.00007584
2026-07-16T16:00:00.002000+00:00,0.00006102
2026-07-17T00:00:00+00:00,0.00007639
2026-07-17T08:00:00.010000+00:00,0.00001520
2026-07-17T16:00:00.004000+00:00,0.00006045
2026-07-18T00:00:00+00:00,0.00003074
2026-07-18T08:00:00+00:00,0.00006955
2026-07-18T16:00:00.001000+00:00,0.00003326
2026-07-19T00:00:00.003000+00:00,0.00000406
2026-07-19T08:00:00+00:00,0.00006905
2026-07-19T16:00:00.001000+00:00,0.00005235
2026-07-20T00:00:00+00:00,0.00004890
2026-07-20T08:00:00.001000+00:00,0.00005278
2026-07-20T16:00:00.004000+00:00,0.00006518
2026-07-21T00:00:00.001000+00:00,0.00005400
2026-07-21T08:00:00+00:00,0.00008926
2026-07-21T16:00:00.002000+00:00,0.00001894
2026-07-22T00:00:00+00:00,0.00003928
2026-07-22T08:00:00+00:00,0.00005448
2026-07-22T16:00:00.001000+00:00,0.00001443
2026-07-23T00:00:00+00:00,-0.00000343
2026-07-23T08:00:00+00:00,0.00000271
2026-07-23T16:00:00+00:00,0.00008458
2026-07-24T00:00:00+00:00,0.00007598
2026-07-24T08:00:00+00:00,0.00005149
2026-07-24T16:00:00.008000+00:00,0.00005879
2026-07-25T00:00:00.002000+00:00,0.00006074
2026-07-25T08:00:00+00:00,0.00005425
2026-07-25T16:00:00+00:00,0.00000729
2026-07-26T00:00:00+00:00,0.00003878
2026-07-26T08:00:00.002000+00:00,0.00005884
2026-07-26T16:00:00+00:00,0.00005819
2026-07-27T00:00:00.010000+00:00,0.00006147
2026-07-27T08:00:00+00:00,0.00006452
2026-07-27T16:00:00.001000+00:00,0.00005040
2026-07-28T00:00:00+00:00,0.00004208
2026-07-28T08:00:00+00:00,0.00000125
2026-07-28T16:00:00+00:00,0.00006689
2026-07-29T00:00:00+00:00,0.00010000
2026-07-29T08:00:00.002000+00:00,0.00010000
2026-07-29T16:00:00+00:00,0.00003665
2026-07-30T00:00:00+00:00,0.00008462
2026-07-30T08:00:00+00:00,0.00007278
2026-07-30T16:00:00+00:00,0.00009029
2026-07-31T00:00:00.003000+00:00,0.00010000
2026-07-31T08:00:00+00:00,0.00009405
2026-07-31T16:00:00+00:00,0.00005664
2026-08-01T00:00:00.001000+00:00,0.00004123
2026-08-01T08:00:00+00:00,0.00003163
2026-08-01T16:00:00+00:00,0.00003545
2026-08-02T00:00:00+00:00,0.00004530
2026-08-02T08:00:00+00:00,0.00008943
2026-08-02T16:00:00+00:00,0.00007707
2026-08-03T00:00:00+00:00,0.00010000
2026-08-03T08:00:00+00:00,0.00006364
2026-08-03T16:00:00+00:00,0.00002474
2026-08-04T00:00:00.004000+00:00,0.00003081
2026-08-04T08:00:00.002000+00:00,0.00006248
2026-08-04T16:00:00+00:00,0.00007684
2026-08-05T00:00:00.003000+00:00,0.00001674
2026-08-05T08:00:00.004000+00:00,0.00001015
2026-08-05T16:00:00+00:00,0.00002676
2026-08-06T00:00:00.002000+00:00,0.00006595
2026-08-06T08:00:00+00:00,0.00002632
2026-08-06T16:00:00+00:00,0.00005939
2026-08-07T00:00:00+00:00,0.00000799
2026-08-07T08:00:00+00:00,0.00004574
2026-08-07T16:00:00+00:00,0.00006308
2026-08-08T00:00:00.001000+00:00,0.00005557
2026-08-08T08:00:00+00:00,0.00005417
2026-08-08T16:00:00.002000+00:00,0.00005801
2026-08-09T00:00:00+00:00,0.00004423
2026-08-09T08:00:00.005000+00:00,0.00006667
2026-08-09T16:00:00+00:00,0.00007054
2026-08-10T00:00:00.001000+00:00,0.00007497
2026-08-10T08:00:00.005000+00:00,0.00007908
2026-08-10T16:00:00+00:00,0.00005057
2026-08-11T00:00:00+00:00,0.00002301
2026-08-11T08:00:00.006000+00:00,0.00001962
2026-08-11T16:00:00+00:00,0.00008282
2026-08-12T00:00:00.001000+00:00,0.00010000
2026-08-12T08:00:00+00:00,0.00008568
2026-08-12T16:00:00+00:00,0.00006601
2026-08-13T00:00:00+00:00,0.00006576
2026-08-13T08:00:00+00:00,0.00007218
2026-08-13T16:00:00+00:00,0.00007841
2026-08-14T00:00:00+00:00,0.00008545
2026-08-14T08:00:00.001000+00:00,0.00005999
2026-08-14T16:00:00.001000+00:00,0.00000629
2026-08-15T00:00:00.003000+00:00,0.00006801
2026-08-15T08:00:00.002000+00:00,0.00006523
2026-08-15T16:00:00+00:00,0.00005311
2026-08-16T00:00:00+00:00,0.00000966
2026-08-16T08:00:00.002000+00:00,0.00001839
2026-08-16T16:00:00+00:00,0.00005000
2026-08-17T00:00:00.001000+00:00,0.00003818
2026-08-17T08:00:00.003000+00:00,0.00007131
2026-08-17T16:00:00.005000+00:00,0.00009202
2026-08-18T00:00:00.006000+00:00,0.00005164
2026-08-18T08:00:00.001000+00:00,0.00005020
2026-08-18T16:00:00.003000+00:00,0.00003650
2026-08-19T00:00:00+00:00,0.00001617
2026-08-19T08:00:00+00:00,0.00003815
2026-08-19T16:00:00.004000+00:00,0.00010000
2026-08-20T00:00:00.001000+00:00,0.00009655
2026-08-20T08:00:00+00:00,0.00010000
2026-08-20T16:00:00.005000+00:00,0.00009422
2026-08-21T00:00:00.004000+00:00,0.00004964
2026-08-21T08:00:00+00:00,0.00005814
2026-08-21T16:00:00.001000+00:00,0.00010000
2026-08-22T00:00:00+00:00,0.00010000
2026-08-22T08:00:00+00:00,0.00010000
2026-08-22T16:00:00+00:00,0.00010000
2026-08-23T00:00:00+00:00,0.00010000
2026-08-23T08:00:00+00:00,0.00010000
2026-08-23T16:00:00.006000+00:00,0.00010000
2026-08-24T00:00:00.001000+00:00,0.00010000
2026-08-24T08:00:00.002000+00:00,0.00010000
2026-08-24T16:00:00+00:00,0.00010000
2026-08-25T00:00:00.001000+00:00,0.00005818
2026-08-25T08:00:00+00:00,0.00010000
2026-08-25T16:00:00.005000+00:00,0.00010000
2026-08-26T00:00:00+00:00,0.00007734
2026-08-26T08:00:00.005000+00:00,0.00005927
2026-08-26T16:00:00+00:00,0.00007091
2026-08-27T00:00:00+00:00,0.00004595
2026-08-27T08:00:00+00:00,0.00010000
2026-08-27T16:00:00.013000+00:00,0.00006331
2026-08-28T00:00:00.026000+00:00,0.00006578
2026-08-28T08:00:00+00:00,0.00010000
2026-08-28T16:00:00.001000+00:00,0.00005913
2026-08-29T00:00:00+00:00,0.00010000
2026-08-29T08:00:00+00:00,0.00010000
2026-08-29T16:00:00.002000+00:00,0.00010000
2026-08-30T00:00:00+00:00,0.00008283
2026-08-30T08:00:00+00:00,0.00010000
2026-08-30T16:00:00.001000+00:00,0.00007058
2026-08-31T00:00:00.002000+00:00,0.00007271
2026-08-31T08:00:00.002000+00:00,0.00010000
2026-08-31T16:00:00.001000+00:00,0.00010000
2026-09-01T00:00:00.005000+00:00,0.00008482
2026-09-01T08:00:00+00:00,0.00010000
2026-09-01T16:00:00+00:00,0.00003844
2026-09-02T00:00:00+00:00,0.00007995
2026-09-02T08:00:00.001000+00:00,0.00007998
2026-09-02T16:00:00.005000+00:00,0.00003819
2026-09-03T00:00:00+00:00,0.00007287
2026-09-03T08:00:00+00:00,0.00005866
2026-09-03T16:00:00+00:00,0.00008893
2026-09-04T00:00:00+00:00,0.00008558
2026-09-04T08:00:00+00:00,0.00006498
2026-09-04T16:00:00.009000+00:00,0.00004455
2026-09-05T00:00:00+00:00,0.00001014
2026-09-05T08:00:00+00:00,-0.00000150
2026-09-05T16:00:00.001000+00:00,0.00001923
2026-09-06T00:00:00+00:00,0.00003589
2026-09-06T08:00:00+00:00,0.00002295
2026-09-06T16:00:00.004000+00:00,0.00002813
2026-09-07T00:00:00.004000+00:00,0.00002792
2026-09-07T08:00:00+00:00,0.00003113
2026-09-07T16:00:00.003000+00:00,0.00002185
2026-09-08T00:00:00.004000+00:00,0.00004542
2026-09-08T08:00:00.002000+00:00,0.00008180
2026-09-08T16:00:00.001000+00:00,0.00009029
2026-09-09T00:00:00.005000+00:00,0.00004876
2026-09-09T08:00:00.004000+00:00,0.00009012
2026-09-09T16:00:00.002000+00:00,0.00004815
2026-09-10T00:00:00+00:00,0.00003562
2026-09-10T08:00:00.007000+00:00,0.00007869
2026-09-10T16:00:00.002000+00:00,0.00007199
2026-09-11T00:00:00.008000+00:00,0.00003006
2026-09-11T08:00:00+00:00,0.00006122
2026-09-11T16:00:00+00:00,0.00003593
2026-09-12T00:00:00.001000+00:00,0.00006093
2026-09-12T08:00:00.003000+00:00,0.00004334
2026-09-12T16:00:00+00:00,0.00005169
2026-09-13T00:00:00.002000+00:00,0.00004788
2026-09-13T08:00:00+00:00,0.00005390
2026-09-13T16:00:00+00:00,0.00006450
2026-09-14T00:00:00+00:00,0.00007157
2026-09-14T08:00:00+00:00,0.00008037
2026-09-14T16:00:00+00:00,0.00004220
2026-09-15T00:00:00+00:00,0.00003563
2026-09-15T08:00:00.005000+00:00,0.00006188
2026-09-15T16:00:00.001000+00:00,0.00009812
2026-09-16T00:00:00.001000+00:00,0.00003951
2026-09-16T08:00:00.002000+00:00,0.00002788
2026-09-16T16:00:00.001000+00:00,0.00005258
2026-09-17T00:00:00+00:00,0.00009351
2026-09-17T08:00:00.003000+00:00,0.00003310
2026-09-17T16:00:00+00:00,0.00008505
2026-09-18T00:00:00.003000+00:00,0.00007769
2026-09-18T08:00:00.006000+00:00,0.00007903
2026-09-18T16:00:00+00:00,0.00006853
2026-09-19T00:00:00+00:00,0.00006643
2026-09-19T08:00:00.002000+00:00,0.00010000
2026-09-19T16:00:00+00:00,0.00010000
2026-09-20T00:00:00+00:00,0.00010000
2026-09-20T08:00:00+00:00,0.00010000
2026-09-20T16:00:00+00:00,0.00007524
2026-09-21T00:00:00.007000+00:00,0.00004200
2026-09-21T08:00:00.004000+00:00,0.00010000
2026-09-21T16:00:00.002000+00:00,0.00005485
2026-09-22T00:00:00+00:00,0.00007663
2026-09-22T08:00:00.004000+00:00,0.00010000
2026-09-22T16:00:00+00:00,0.00002784
2026-09-23T00:00:00+00:00,0.00001021
2026-09-23T08:00:00.004000+00:00,0.00000334
2026-09-23T16:00:00.004000+00:00,0.00001286
2026-09-24T00:00:00.002000+00:00,0.00000132
2026-09-24T08:00:00+00:00,0.00004796
2026-09-24T16:00:00.005000+00:00,0.00001422
2026-09-25T00:00:00.002000+00:00,0.00000214
2026-09-25T08:00:00+00:00,0.00003512
2026-09-25T16:00:00.002000+00:00,-0.00000574
2026-09-26T00:00:00+00:00,0.00000769
2026-09-26T08:00:00.001000+00:00,0.00004930
2026-09-26T16:00:00.001000+00:00,-0.00000545
2026-09-27T00:00:00+00:00,0.00004703
2026-09-27T08:00:00.001000+00:00,0.00001449
2026-09-27T16:00:00+00:00,0.00001051
2026-09-28T00:00:00+00:00,0.00001987
2026-09-28T08:00:00.001000+00:00,-0.00002585
2026-09-28T16:00:00.001000+00:00,0.00006501
2026-09-29T00:00:00+00:00,0.00003836
2026-09-29T08:00:00+00:00,0.00006798
2026-09-29T16:00:00+00:00,0.00001399
2026-09-30T00:00:00+00:00,0.00007697
2026-09-30T08:00:00+00:00,-0.00000244
2026-09-30T16:00:00.002000+00:00,0.00006606
2026-10-01T00:00:00.001000+00:00,0.00007981
2026-10-01T08:00:00.005000+00:00,0.00004568
2026-10-01T16:00:00.003000+00:00,0.00006980
2026-10-02T00:00:00.002000+00:00,0.00002693
2026-10-02T08:00:00+00:00,0.00010000
2026-10-02T16:00:00+00:00,0.00001214
2026-10-03T00:00:00.001000+00:00,0.00004574
2026-10-03T08:00:00+00:00,0.00000361
2026-10-03T16:00:00.001000+00:00,0.00004528
2026-10-04T00:00:00+00:00,-0.00001346
2026-10-04T08:00:00.001000+00:00,0.00003451
2026-10-04T16:00:00.002000+00:00,0.00003785
2026-10-05T00:00:00.002000+00:00,0.00007492
2026-10-05T08:00:00.001000+00:00,0.00004186
