symbol,timestamp,close,change_pct
DXY,2026-09-24 04:00:00+00:00,101.081001281738,
DXY,2026-09-24 05:00:00+00:00,101.167999267578,0.0860675940450554
DXY,2026-09-24 06:00:00+00:00,101.113998413086,-0.0533774067720379
DXY,2026-09-24 07:00:00+00:00,101.063003540039,-0.0504330496738376
DXY,2026-09-24 08:00:00+00:00,101.165000915527,0.100924544012658
DXY,2026-09-24 09:00:00+00:00,101.217002868652,0.0514031064640839
DXY,2026-09-24 10:00:00+00:00,101.233001708984,0.0158064750769124
DXY,2026-09-24 11:00:00+00:00,101.27799987793,0.0444500984715135
DXY,2026-09-24 12:00:00+00:00,101.231002807617,-0.0464040269052959
DXY,2026-09-24 13:00:00+00:00,101.253997802734,0.0227153682957068
DXY,2026-09-24 14:00:00+00:00,101.291000366211,0.0365442987729253
DXY,2026-09-24 15:00:00+00:00,101.314002990723,0.0227094454873131
DXY,2026-09-24 16:00:00+00:00,101.231002807617,-0.0819237031953708
DXY,2026-09-24 17:00:00+00:00,101.323997497559,0.0918638434493596
DXY,2026-09-24 18:00:00+00:00,101.285003662109,-0.0384843042243357
DXY,2026-09-24 19:00:00+00:00,101.263000488281,-0.0217240193834898
DXY,2026-09-24 20:00:00+00:00,101.241996765137,-0.0207417546816242
DXY,2026-09-24 21:00:00+00:00,101.26000213623,0.0177844883240689
DXY,2026-09-24 22:00:00+00:00,101.248001098633,-0.011851705850757
DXY,2026-09-24 23:00:00+00:00,101.296997070312,0.0483920385074635
DXY,2026-09-25 00:00:00+00:00,101.264999389648,-0.0315879854186124
DXY,2026-09-25 01:00:00+00:00,101.26000213623,-0.00493482787546393
DXY,2026-09-25 02:00:00+00:00,101.269996643066,0.00987014282548736
DXY,2026-09-25 03:00:00+00:00,101.276000976562,0.00592903495124668
DXY,2026-09-25 04:00:00+00:00,101.278999328613,
DXY,2026-09-25 05:00:00+00:00,101.231002807617,-0.0473903981222826
DXY,2026-09-25 06:00:00+00:00,101.148002624512,-0.0819908731549416
DXY,2026-09-25 07:00:00+00:00,101.121002197266,-0.0266939796590216
DXY,2026-09-25 08:00:00+00:00,101.111000061035,-0.00989125504408738
DXY,2026-09-25 09:00:00+00:00,101.105003356934,-0.00593081276808915
DXY,2026-09-25 10:00:00+00:00,101.049003601074,-0.0553877196973899
DXY,2026-09-25 11:00:00+00:00,100.994003295898,-0.0544293394449627
DXY,2026-09-25 12:00:00+00:00,100.982002258301,-0.01188292097155
DXY,2026-09-25 13:00:00+00:00,100.944999694824,-0.0366427310303415
DXY,2026-09-25 14:00:00+00:00,100.956001281738,0.01089859522247
DXY,2026-09-25 14:09:11+00:00,100.959999084473,-0.00693670603335498
DXY,2026-09-25 14:17:06+00:00,100.964996337891,-0.00297716244380606
DXY,2026-09-25 15:00:00+00:00,100.971000671387,0.0148573531617785
DXY,2026-09-25 15:10:25+00:00,101.024002075195,-0.00296787199273574
DXY,2026-09-25 16:00:00+00:00,101.021003723145,0.049522190951191
DXY,2026-09-25 16:10:28+00:00,100.896003723145,-0.000990565281579146
DXY,2026-09-25 17:00:00+00:00,101.041999816895,0.0207838894647507
DXY,2026-09-25 17:10:24+00:00,101.040000915527,0.0
DXY,2026-09-25 18:00:00+00:00,100.971000671387,-0.0702669638729193
DXY,2026-09-25 18:10:22+00:00,101.035003662109,0.0
DXY,2026-09-25 19:00:00+00:00,101.001998901367,0.0307001314975113
DXY,2026-09-25 19:10:24+00:00,100.957000732422,-0.000989966799838613
DXY,2026-09-25 20:00:00+00:00,101.035003662109,0.0326773342123833
DXY,2026-09-25 20:10:24+00:00,101.013999938965,-0.000989408196438765
DXY,2026-09-25 20:59:59+00:00,101.035003662109,0.0
DXY,2026-09-28 02:00:00+00:00,101.09700012207,
DXY,2026-09-28 03:00:00+00:00,101.11799621582,0.0207682658482923
DXY,2026-09-28 03:10:34+00:00,101.093002319336,0.0
DXY,2026-09-28 04:00:00+00:00,101.115997314453,-0.00197680080894914
DXY,2026-09-28 04:10:21+00:00,101.097999572754,0.000988605678098218
DXY,2026-09-28 05:00:00+00:00,101.137001037598,0.0207719091957461
DXY,2026-09-28 05:10:24+00:00,101.122001647949,0.000988371022712012
DXY,2026-09-28 06:00:00+00:00,101.154998779297,0.0177954077286987
DXY,2026-09-28 06:10:23+00:00,101.138999938965,-0.00791247848394197
DXY,2026-09-28 07:00:00+00:00,101.078002929688,-0.0761167026232356
DXY,2026-09-28 07:10:21+00:00,101.162002563477,-0.00395172559941418
DXY,2026-09-28 08:00:00+00:00,101.097999572754,0.0197833776754735
DXY,2026-09-28 08:10:24+00:00,101.039001464844,-0.00197830718217627
DXY,2026-09-28 09:00:00+00:00,101.120002746582,0.0217642029724739
DXY,2026-09-28 09:10:27+00:00,101.103996276855,-0.00396153821775149
DXY,2026-09-28 10:00:00+00:00,101.137001037598,0.0168100183484217
DXY,2026-09-28 10:10:28+00:00,101.129997253418,0.00790689003228622
DXY,2026-09-28 11:00:00+00:00,101.16300201416,0.0257086687322616
DXY,2026-09-28 11:10:25+00:00,101.16300201416,0.0
GOLD,2026-09-24 04:00:00+00:00,4324.2998046875,
GOLD,2026-09-24 05:00:00+00:00,4313.60009765625,-0.2474321280789
GOLD,2026-09-24 06:00:00+00:00,4311.2998046875,-0.0533265234762917
GOLD,2026-09-24 07:00:00+00:00,4313.2998046875,0.0463897221396081
GOLD,2026-09-24 08:00:00+00:00,4295.5,-0.412672559142677
GOLD,2026-09-24 09:00:00+00:00,4289.7001953125,-0.135020479280643
GOLD,2026-09-24 10:00:00+00:00,4292.5,0.0652680737586147
GOLD,2026-09-24 11:00:00+00:00,4300.39990234375,0.184039658561444
GOLD,2026-09-24 12:00:00+00:00,4316.0,0.362759231943704
GOLD,2026-09-24 13:00:00+00:00,4302.5,-0.312789620018536
GOLD,2026-09-24 14:00:00+00:00,4288.0,-0.337013364323068
GOLD,2026-09-24 15:00:00+00:00,4291.2998046875,0.0769544003614739
GOLD,2026-09-24 16:00:00+00:00,4308.7001953125,0.405480656606492
GOLD,2026-09-24 17:00:00+00:00,4300.10009765625,-0.199598423339043
GOLD,2026-09-24 18:00:00+00:00,4307.10009765625,0.162786908235353
GOLD,2026-09-24 19:00:00+00:00,4309.39990234375,0.0533956637959601
GOLD,2026-09-24 20:00:00+00:00,4310.10009765625,0.0162480932001503
GOLD,2026-09-24 22:00:00+00:00,4307.5,-0.0603256907574811
GOLD,2026-09-24 23:00:00+00:00,4300.10009765625,-0.171791116511898
GOLD,2026-09-25 00:00:00+00:00,4313.0,0.299990745582435
GOLD,2026-09-25 01:00:00+00:00,4323.2001953125,0.236498847959657
GOLD,2026-09-25 02:00:00+00:00,4318.89990234375,-0.0994701326441617
GOLD,2026-09-25 03:00:00+00:00,4305.7001953125,-0.305626602368971
GOLD,2026-09-25 04:00:00+00:00,4297.39990234375,
GOLD,2026-09-25 05:00:00+00:00,4301.2998046875,0.0907502776649443
GOLD,2026-09-25 06:00:00+00:00,4311.0,0.225517767953047
GOLD,2026-09-25 07:00:00+00:00,4314.7998046875,0.0881420711551844
GOLD,2026-09-25 08:00:00+00:00,4328.89990234375,0.326784515956731
GOLD,2026-09-25 09:00:00+00:00,4330.7998046875,0.0438888028508434
GOLD,2026-09-25 10:00:00+00:00,4346.7998046875,0.369446770148142
GOLD,2026-09-25 11:00:00+00:00,4338.60009765625,-0.188637788710849
GOLD,2026-09-25 12:00:00+00:00,4333.89990234375,-0.108334375298592
GOLD,2026-09-25 13:00:00+00:00,4310.89990234375,-0.530699843518807
GOLD,2026-09-25 14:00:00+00:00,4314.10009765625,0.074234971467561
GOLD,2026-09-25 14:09:15+00:00,4300.7998046875,-0.00465462247151825
GOLD,2026-09-25 14:17:09+00:00,4297.0,-0.00697658299690826
GOLD,2026-09-25 15:00:00+00:00,4326.39990234375,0.285107077005056
GOLD,2026-09-25 15:10:32+00:00,4310.0,0.011602274045713
GOLD,2026-09-25 16:00:00+00:00,4321.5,-0.113255881433789
GOLD,2026-09-25 16:10:32+00:00,4331.2001953125,0.0461979097701586
GOLD,2026-09-25 17:00:00+00:00,4318.10009765625,-0.0786741257375911
GOLD,2026-09-25 17:10:26+00:00,4327.7001953125,0.0138683562364328
GOLD,2026-09-25 18:00:00+00:00,4329.7998046875,0.270945711462323
GOLD,2026-09-25 18:10:31+00:00,4320.2001953125,0.00463415075231481
GOLD,2026-09-25 19:00:00+00:00,4326.60009765625,-0.0738996529997981
GOLD,2026-09-25 19:10:31+00:00,4329.0,0.00692597486480249
GOLD,2026-09-25 20:00:00+00:00,4321.2001953125,-0.124807059165814
GOLD,2026-09-25 20:10:14+00:00,4327.5,0.0115553501271089
GOLD,2026-09-25 20:59:59+00:00,4321.2001953125,0.0
GOLD,2026-09-27 22:00:00+00:00,4294.2001953125,
GOLD,2026-09-27 22:10:28+00:00,4310.0,-0.259191770949414
GOLD,2026-09-27 23:00:00+00:00,4294.60009765625,0.00931261528483299
GOLD,2026-09-27 23:10:50+00:00,4298.7001953125,0.0
GOLD,2026-09-28 00:00:00+00:00,4264.60009765625,-0.698551653653906
GOLD,2026-09-28 00:10:30+00:00,4289.2998046875,0.016315511246488
GOLD,2026-09-28 01:00:00+00:00,4249.39990234375,-0.356427213910485
GOLD,2026-09-28 01:10:26+00:00,4257.0,0.0352485019386676
GOLD,2026-09-28 02:00:00+00:00,4229.89990234375,-0.458888324190077
GOLD,2026-09-28 02:10:25+00:00,4249.0,0.0258974477162946
GOLD,2026-09-28 03:00:00+00:00,4230.5,0.0141870415400963
GOLD,2026-09-28 03:10:40+00:00,4235.2998046875,-0.00708973845090252
GOLD,2026-09-28 04:00:00+00:00,4227.39990234375,-0.0732796987649214
GOLD,2026-09-28 04:10:24+00:00,4230.2001953125,0.00473274970449173
GOLD,2026-09-28 05:00:00+00:00,4212.10009765625,-0.361919975420766
GOLD,2026-09-28 05:10:24+00:00,4224.2001953125,0.00236968002499608
GOLD,2026-09-28 06:00:00+00:00,4196.7001953125,-0.365611025063697
GOLD,2026-09-28 06:10:17+00:00,4211.89990234375,-0.00949368189094669
GOLD,2026-09-28 07:00:00+00:00,4187.5,-0.219224506977557
GOLD,2026-09-28 07:10:24+00:00,4198.10009765625,0.0405155693467254
GOLD,2026-09-28 08:00:00+00:00,4176.7998046875,-0.255527052238806
GOLD,2026-09-28 08:10:29+00:00,4188.2001953125,0.0191119307306203
GOLD,2026-09-28 09:00:00+00:00,4188.10009765625,0.270549068597159
GOLD,2026-09-28 09:10:31+00:00,4173.60009765625,-0.0119786298436099
GOLD,2026-09-28 10:00:00+00:00,4187.5,-0.0143286369059285
GOLD,2026-09-28 10:10:31+00:00,4188.7001953125,0.0215003263525676
GOLD,2026-09-28 11:00:00+00:00,4183.89990234375,-0.0859724813432836
GOLD,2026-09-28 11:10:30+00:00,4183.7998046875,-0.00239244863850416
SPX,2026-09-24 13:30:00+00:00,7690.02001953125,
SPX,2026-09-24 14:30:00+00:00,7666.259765625,-0.308975189218016
SPX,2026-09-24 15:30:00+00:00,7701.0,0.453157542753416
SPX,2026-09-24 16:30:00+00:00,7702.52978515625,0.0198647598526165
SPX,2026-09-24 17:30:00+00:00,7706.5,0.0515442971918279
SPX,2026-09-24 18:30:00+00:00,7706.0400390625,-0.00596848034127036
SPX,2026-09-24 19:30:00+00:00,7703.830078125,-0.0286782955486546
SPX,2026-09-25 13:30:00+00:00,7704.14990234375,0.00415149627531557
SPX,2026-09-25 14:19:15+00:00,7695.43994140625,0.00182106899414936
SPX,2026-09-25 14:27:12+00:00,7708.02001953125,-0.000519444090933883
SPX,2026-09-25 14:30:00+00:00,7717.93017578125,0.178868189380736
SPX,2026-09-25 15:20:32+00:00,7716.009765625,0.00686652233679716
SPX,2026-09-25 15:30:00+00:00,7744.91015625,0.349575337613351
SPX,2026-09-25 16:20:33+00:00,7739.58984375,-0.000391148881232185
SPX,2026-09-25 16:30:00+00:00,7742.85986328125,-0.0264727792496786
SPX,2026-09-25 17:20:28+00:00,7738.89013671875,0.000908568768844521
SPX,2026-09-25 17:30:00+00:00,7738.6298828125,-0.0546307248670445
SPX,2026-09-25 18:20:32+00:00,7743.27978515625,0.00167738987541344
SPX,2026-09-25 18:30:00+00:00,7732.7900390625,-0.0754635360320087
SPX,2026-09-25 19:20:32+00:00,7737.93017578125,-0.00387433157526599
SPX,2026-09-25 19:30:00+00:00,7742.31982421875,0.123238638423
SPX,2026-09-25 20:00:00+00:00,7743.41015625,0.014082756279834
